id,first,last
1,Adele,
2,Alf,
3,Aristotle,
4,Attenborough,
5,Abigail,Adams
6,Adam,Arkin
7,Alan,Alda
8,Alan,Arkin
9,Alan,Autry
10,Alvin,Ailey
11,Amedeo,Avogadro
12,Amy,Adams
13,Andre,Agasi
14,Andre,Agassi
15,Anouk,AimÈe
16,Ansel,Adams
17,Army,Archerd
18,Art,Alexakis
19,Arthur,Ashe
20,Ashley,Angel
21,Aaron,Burr
22,Abigail,Breslin
23,Adam,Brody
24,Adrien,Brody
25,Adrienne,Barbeau
26,Alan,Bates
27,Alan,Beckwith
28,Albert,Brooks
29,Alec,Baldwin
30,Alex,Baldwin
31,Alexis,Bledel
32,Amanda,Bynes
33,Ambrose,Bierce
34,Amy,Brenneman
35,Andrea,Bocelli
36,Angela,Bassett
37,Anita,Bryant
38,Ann,Blyth
39,Anne,Bancroft
40,Anne,Bronte
41,Annette,Bening
42,Anthony,Burgess
43,Antonio,Banderas
44,Art,Bell
45,Art,Blakey
46,Art,Buchwald
47,Aubrey,Beardsley
48,Aaron,Copland
49,Adam,Carolla
50,Agatha,Christie
51,Al,Capone
52,Al,Capp
53,Alexander,Calder
54,Alice,Cooper
55,Alistair,Cooke
56,Angela,Cartwright
57,Anton,Chekhov
58,Art,Carney
59,Augustus,Caesar
60,Abner,Doubleday
61,Adam,Duritz
62,Adelle,Davis
63,Alexandre,Dumas
64,Andrea,Dromm
65,Andy,Devine
66,Angela,Davis
67,Angie,Dickinson
68,Annie,Duke
69,Arlene,Dahl
70,Abby,Elliott
71,Albert,Einstein
72,Amelia,Earhart
73,Anita,Ekberg
74,A.J.,Foyt
75,Ace,Frehley
76,Agnetha,F‰ltskog
77,Albert,Finney
78,Alice,Faye
79,Allen,Funt
80,America,Ferrera
81,Anne,Frank
82,Annette,Funicello
83,Anthony,Franciosa
84,Aretha,Franklin
85,Arthur,Fiedler
86,Al,Gore
87,Al,Green
88,Alan,Greenspan
89,Alec,Guinness
90,Alexander,Godunov
91,Allen,Ginsberg
92,Allen,Greenspan
93,Amy,Grant
94,Andrew,Greeley
95,Andy,Garcia
96,Andy,Gibb
97,Andy,Griffith
98,Anthony,Geary
99,Anthony,Glise
100,Art,Garfunkel
101,Arthur,Godfrey
102,Arye,Gross
103,Astrud,Gilberto
104,Ava,Gardner
105,Abbie,Hoffman
106,Adolf,Hitler
107,Al,Hirschfeld
108,Al,Hirt
109,Aldous,Huxley
110,Alex,Haley
111,Alex,Harvey
112,Alexander,Hamilton
113,Alfred,Hitchcock
114,Alger,Hiss
115,Anjelica,Huston
116,Anthony,Hopkins
117,Arsenio,Hall
118,Audrey,Hepburn
119,Allen,Iverson
120,Amy,Irving
121,Agnelina,Jolie
122,Al,Jarreau
123,Al,Jolson
124,Alan,Jackson
125,Andrew,Jackson
126,Andrew,Johnson
127,Ann,Jillian
128,Anne,Jeffreys
129,Arte,Johnson
130,Ashley,Judd
131,Akira,Kurosawa
132,Al,Kaline
133,Alan,King
134,Albert,King
135,Alex,Karras
136,Alfred,Kinsey
137,Alicia,Keys
138,Andy,Kaufman
139,Arthur,Kennedy
140,Ashton,Kutcher
141,Abraham,Lincoln
142,Alan,Ladd
143,Alex,Lifeson
144,Allen,Ludden
145,Alvin,Lee
146,Amy,Locane
147,Amy,Lowell
148,Angela,Lansbury
149,Ann,Landers
150,Annie,Leibovitz
151,Annie,Lennox
152,Art,Linkletter
153,Avril,Lavigne
154,A.A.,Milne
155,Abraham,Maslow
156,Agnes,Moorehead
157,Al,Michaels
158,Ali,MacGraw
159,Amadeus,Mozart
160,Andie,Macdowell
161,Andre,Michelin
162,Ann,Margret
163,Ann,Miller
164,Anne,McCaffrey
165,Anne,Meara
166,Anne,Murray
167,Archie,Moore
168,Ari,Meyers
169,Arthur,Miller
170,Arthur,Murray
171,Audie,Murphy
172,Audrey,Meadows
173,Aaron,Neville
174,Alfred,Nobel
175,AnaÔs,Nin
176,Anthony,Newley
177,Anita,ODay
178,Annie,Oakley
179,Aristotle,Onassis
180,Ashley,Olsen
181,Adrian,Paul
182,Al,Pacino
183,Alain,Prost
184,Albert,Pujols
185,Alex,Pettyfer
186,Amy,Poehler
187,Andre,Previn
188,Anthony,Perkins
189,Arnold,Palmer
190,Arthur,Penn
191,Audrina,Patridge
192,Austin,Peck
193,Aidan,Quinn
194,Anthony,Quinn
195,Al,Roker
196,Alan,Rickman
197,Alan,Ruck
198,Alex,Rodriguez
199,Alfonso,Ribeiro
200,Am·lia,Rodrigues
201,Andy,Roddick
202,Andy,Rooney
203,Anne,Rice
204,Anne,Robinson
205,Arthur,Rimbaud
206,Arthur,Rubenstein
207,Auguste,Rodin
208,Axl,Rose
209,Ayn,Rand
210,Aaron,Spelling
211,Adam,Sandler
212,Alan,Shepard
213,Albert,Schweitzer
214,Alberto,Santos-Dumont
215,Aleksandr,Solzhenitsyn
216,Alicia,Silverstone
217,Ally,Sheedy
218,Alyson,Stoner
219,Amy,Smart
220,Andres,Segovia
221,Andrew,Shue
222,Andy,Summers
223,Ann,Sothern
224,Anwar,Sadat
225,Ariel,Sharon
226,Arion,Salazar
227,Arnold,Schwartineger
228,Arnold,Stang
229,Arthur,Sullivan
230,Artie,Shaw
231,Ashley,Simpson
232,Avery,Schreiber
233,Aida,Turturro
234,Aisha,Tyler
235,Alan,Thicke
236,Alan,Trammell
237,Alan,Turing
238,Alex,Trebek
239,Alexandre,Tansman
240,Alvin,Toffler
241,Amanda,Tapping
242,Anthony,Trollope
243,Arthur,Treacher
244,Arturo,Toscanini
245,Ashley,Tisdale
246,Al,Unser
247,Abe,Vigoda
248,Alessandro,Volta
249,Alexa,Vega
250,Amerigo,Vespucci
251,Antonio,Villaraigosa
252,Antonio,Vivaldi
253,Adam,West
254,Alice,Walker
255,Amy,Winehouse
256,Andrew,Wyeth
257,Andy,Warhol
258,Andy,Williams
259,Adam,Yauch
260,Al,Yankovic
261,Al,Yankovick
262,Andrew,Young
263,Anthony,Zerbe
264,Bach,
265,Batman,
266,Beck,
267,Beethoven,
268,Beyonce,
269,Bono,
270,Boone,
271,Borat,
272,Branagh,
273,Brandy,
274,Beatrice,Arthur
275,Ben,Affleck
276,Benedict,Arnold
277,Benny,Andersson
278,Bibi,Andersson
279,Brooks,Atkinson
280,Bryan,Adams
281,Bud,Abbott
282,Buzz,Aldrin
283,Barbara,Bach
284,Barbara,Bush
285,Barry,Bonds
286,Bear,Bryant
287,Beau,Bridges
288,Ben,Blue
289,Ben,Bradlee
290,Benjamin,Britten
291,Bertolt,Brecht
292,Big,Bird
293,Big,Bopper
294,Bill,Berry
295,Bill,Bixby
296,Bill,Bradley
297,Billie,Burke
298,Billy,Barty
299,Bix,Beiderbecke
300,Bob,Barker
301,Bonnie,Bedelia
302,Bonnie,Blair
303,Brendan,Behan
304,Brian,Boitano
305,Brigitte,Bardot
306,Buffalo,Bill
307,Burt,Bacharach
308,Busby,Berkeley
309,BÈla,BartÛk
310,Barbara,Carrera
311,Ben,Crenshaw
312,Bert,Convy
313,Bill,Clinton
314,Bill,Cosby
315,Bill,Cullen
316,Billy,Corgan
317,Billy,Crystal
318,Bing,Crosby
319,Bob,Costas
320,Bob,Crane
321,Bruce,Catton
322,Bud,Collyer
323,Bud,Cort
324,Butch,Cassidy
325,Bette,Davis
326,Bo,Derek
327,Bo,Diddley
328,Bob,Denver
329,Bob,Dole
330,Bob,Dorough
331,Bob,Dylan
332,Bobby,Darin
333,Brad,Dourif
334,Brian,DePalma
335,Brooklyn,Decker
336,Bruce,Dern
337,Barbara,Eden
338,Bill,Engvall
339,Billy,Eckstine
340,Blake,Edwards
341,Bob,Edwards
342,Bob,Eubanks
343,Britt,Ekland
344,Buddy,Ebsen
345,Barbara,Feldon
346,Ben,Franklin
347,Benjamin,Franklin
348,Betty,Ford
349,Betty,Friedan
350,Bob,Fosse
351,Bobby,Fischer
352,Bobby,Flay
353,Bonnie,Franklin
354,Brendan,Fraser
355,Barry,Gibb
356,Barry,Goldwater
357,Ben,Gazzara
358,Benny,Goodman
359,Berry,Gordy
360,Betty,Grable
361,Bill,Gates
362,Billy,Gibbons
363,Billy,Graham
364,Bob,Geldof
365,Bob,Greene
366,Bob,Guccione
367,Bobbie,Gentry
368,Bobby,Goldsboro
369,Boy,George
370,Brad,Garrett
371,Buddy,Guy
372,Barbara,Harris
373,Barbara,Hershey
374,Barbara,Hutton
375,Beck,Hansen
376,Ben,Hogan
377,Benjamin,Harrison
378,Benny,Hill
379,Betty,Hutton
380,Bill,Haley
381,Bill,Hickok
382,Bill,Hicks
383,Billie,Holiday
384,Bob,Hope
385,Bob,Hoskins
386,Bobby,Hatfield
387,Bobby,Hull
388,Bret,Hart
389,Brett,Hull
390,Buck,Henry
391,Buddy,Hackett
392,Buddy,Holly
393,Billy,Idol
394,Burl,Ives
395,Barbara,Jordan
396,Bianca,Jagger
397,Billy,Joel
398,Bo,Jackson
399,Brian,Jones
400,Bruce,Jenner
401,B.B.,King
402,Bela,Karolyi
403,Ben,Kingsley
404,Beyonce,Knowles
405,Bobby,Knight
406,Boris,Karloff
407,Brian,Keith
408,Buster,Keaton
409,Bela,Lugosi
410,Bert,Lahr
411,Brandon,Lee
412,Brenda,Lee
413,Brian,Lamb
414,Brooke,Langton
415,Bruce,Lee
416,Bucky,Lasek
417,Burt,Lancaster
418,Barbara,Mandrell
419,Barry,Manilow
420,Bat,Man
421,Bat,Masterson
422,Benito,Mussolini
423,Bernard,Madoff
424,Bernie,Mac
425,Bess,Myerson
426,Bette,Midler
427,Bill,Maher
428,Bill,Mauldin
429,Bill,Medley
430,Bill,Moyers
431,Bill,Mumy
432,Bill,Murray
433,Billy,Mitchell
434,Bob,Marley
435,Bob,Monkhouse
436,Bradley,McIntosh
437,Branford,Marsalis
438,Brent,Musburger
439,Brian,McKnight
440,Burgess,Meredith
441,Butterfly,McQueen
442,Barry,Nelson
443,Bebe,Neuwirth
444,Bob,Newhart
445,Brad,Nowell
446,Barack,Obama
447,Bobby,Orr
448,Beatrix,Potter
449,Bernadette,Peters
450,Bert,Parks
451,Bill,Paxton
452,Bill,Pullman
453,Billy,Preston
454,Blaise,Pascal
455,Bonnie,Parker
456,Boris,Pasternak
457,Brad,Pitt
458,Babe,Ruth
459,Bertrand,Russell
460,Betsy,Ross
461,Bill,Russell
462,Bobby,Rydell
463,Brandon,Routh
464,Brooks,Robinson
465,Buddy,Rich
466,Burt,Reynolds
467,B.F.,Skinner
468,Barbara,Stanwyck
469,Barbara,Streisand
470,Barbra,Streisand
471,Barry,Sanders
472,Bart,Simpson
473,Bedrich,Smetana
474,Ben,Stiller
475,Benjamin,Spock
476,Bessie,Smith
477,Beverly,Sills
478,Bo,Schembechler
479,Bob,Saget
480,Bob,Schieffer
481,Bob,Segar
482,Bob,Seger
483,Bobby,Sherman
484,Boris,Spassky
485,Bram,Stoker
486,Brendan,Shanahan
487,Britney,Spears
488,Brittany,Spears
489,Brooke,Shields
490,Bruce,Springsteen
491,Bess,Truman
492,Betty,Thomas
493,Booker,T
494,Bjˆrn,Ulvaeus
495,Bob,Uecker
496,Bobby,Unser
497,Brendon,Urie
498,Ben,Vereen
499,Bobby,Vinton
500,Brenda,Vaccaro
501,Barbara,Walters
502,Barry,White
503,Betty,White
504,Billy,Wilder
505,Bob,Weir
506,Bob,Wian
507,Bob,Woodward
508,Bow,Wow
509,Brian,Williams
510,Brian,Wilson
511,Bruce,Willis
512,Bryan,White
513,Burt,Ward
514,Boris,Yeltsin
515,Burt,Young
516,Billy,Zane
517,Cantinflas,
518,Carew,
519,Cher,
520,Christo,
521,Cleopatra,
522,Colette,
523,Coolio,
524,Culkin,
525,Charles,Addams
526,Charles,Atlas
527,Chet,Atkins
528,Christina,Aguilara
529,Claude,Akins
530,Cliff,Arquette
531,Criss,Angel
532,C¸neyt,Arkin
533,Candace,Bergen
534,Candice,Bergen
535,Carl,Bernstein
536,Carla,Bruni
537,Carlos,Bernard
538,Carol,Burnett
539,Carroll,Baker
540,Chad,Brannon
541,Charles,Babbage
542,Charles,Barkley
543,Charles,Boyer
544,Charles,Bronson
545,Charles,Bukowski
546,Charlie,Brown
547,Charlotte,Bronte
548,Chris,Brown
549,Christian,Bale
550,Christie,Brinkley
551,Chuck,Berry
552,Claire,Bloom
553,Clara,Barton
554,Clara,Bow
555,Cliff,Burton
556,Clyde,Barrow
557,Corbin,Bernsen
558,Count,Basie
559,Cab,Calloway
560,Calvin,Coolidge
561,Candace,Cameron
562,Carlos,Castaneda
563,Carol,Channing
564,Celia,Cruz
565,Cesar,Chavez
566,Charisma,Carpenter
567,Charlie,Chaplin
568,Chevy,Chase
569,Chick,Corea
570,Chris,Carter
571,Chris,Cooper
572,Christopher,Columbus
573,Christopher,Cuomo
574,Chubby,Checker
575,Chuck,Connors
576,Cindy,Crawford
577,Claudette,Colbert
578,Claudia,Cardinale
579,Clive,Cussler
580,Connie,Chung
581,Cris,Collinsworth
582,Cyd,Charisse
583,CÈsar,Ch·vez
584,Cameron,Diaz
585,Catherine,Deneuve
586,Celine,Dion
587,Charles,Dance
588,Charles,Darwin
589,Charles,Dickens
590,Charles,Durning
591,Charlie,Daniels
592,Christian,Doppler
593,Chuck,Daly
594,Claire,Danes
595,Clarence,Darrow
596,Claude,Debussy
597,Colleen,Dewhurst
598,Count,Dracula
599,Courtnee,Draper
600,Carmen,Electra
601,Chad,Everett
602,Chris,Elliott
603,Chris,Evert
604,Clint,Eastwood
605,Calista,Flockhart
606,Carrie,Fisher
607,Chris,Farley
608,Colin,Firth
609,Connie,Francis
610,Carla,Gugino
611,Cary,Grant
612,Cathy,Guisewite
613,Charles,Goodyear
614,Charles,Grodin
615,Che,Guevara
616,Chris,Gaines
617,Christopher,Guest
618,Chuck,Greenburg
619,Clark,Gable
620,Crystal,Gayle
621,Cuba,Gooding
622,Curt,Gowdy
623,Celeste,Holm
624,Charleton,Heston
625,Charlton,Heston
626,Chet,Huntley
627,Chick,Hearn
628,Chrissie,Hynde
629,Clint,Howard
630,Coleman,Hawkins
631,Conrad,Hilton
632,Curly,Howard
633,Charles,Ives
634,Chris,Isaak
635,Christopher,Isherwood
636,Carl,Jung
637,Cherry,Jones
638,Chipper,Jones
639,Chris,Jericho
640,Chuck,Jones
641,Calvin,Klein
642,Captain,Kangaroo
643,Carol,Kane
644,Carole,King
645,Caroline,Kennedy
646,Casey,Kasem
647,Chaka,Khan
648,Charles,Kuralt
649,Chiang,Kai-Shek
650,Clinton,Kelly
651,Craig,Kilborn
652,C.S.,Lewis
653,Carl,Lewis
654,Carol,Lawrence
655,Carole,Lombard
656,Charles,Laughton
657,Charles,Lindbergh
658,Cheryl,Ladd
659,Christine,Lahti
660,Christopher,Lee
661,Christopher,Lloyd
662,Claude,Lelouch
663,Cleo,Laine
664,Cloris,Leachman
665,Courtney,Love
666,Cyndi,Lauper
667,Carmen,Miranda
668,Charlie,Musselwhite
669,Chico,Marx
670,Chris,Matthews
671,Christa,McAuliffe
672,Christine,McVie
673,Chuck,Mangione
674,Claude,Monet
675,Clayton,Moore
676,Connie,Mack
677,Constance,Moore
678,Curtis,Mayfield
679,Cyrus,McCormick
680,Carry,Nation
681,Chris,Noth
682,Chuck,Norris
683,Cynthia,Nixon
684,Carroll,OConnor
685,Charles,Osgood
686,Chris,ODonnell
687,Conan,OBrien
688,Conan,Obrien
689,Carlo,Ponti
690,Charles,Perrault
691,Charlie,Pride
692,Chris,Pine
693,Claude,Pepper
694,Cole,Porter
695,Colin,Powell
696,Cal,Ripken
697,Carl,Reiner
698,Cathy,Rigby
699,Cesar,Romero
700,Charles,Ringling
701,Charlie,Rich
702,Chita,Rivera
703,Chris,Rock
704,Christina,Ricci
705,Christopher,Reeve
706,Christopher,Reeves
707,Claude,Rains
708,Cliff,Richard
709,Cliff,Robertson
710,Cokie,Roberts
711,Condoleezza,Rice
712,Cyril,Ritchard
713,Carl,Sagan
714,Carl,Sandburg
715,Carly,Simon
716,Carrie,Snodgress
717,Carroll,Spinney
718,Casey,Stengel
719,Cat,Stevens
720,Charles,Schulz
721,Charlie,Sheen
722,Chris,Schenkel
723,Chris,Squire
724,Christian,Slater
725,Claudia,Schiffer
726,Cole,Sprouse
727,Connie,Stevens
728,Craig,Sheffer
729,Cree,Summer
730,Curtis,Sliwa
731,Cybill,Shepherd
732,Carrot,Top
733,Charlize,Theron
734,Cheryl,Tiegs
735,Chris,Tucker
736,Cicely,Tyson
737,Claire,Trevor
738,Concetta,Tomei
739,Conway,Twitty
740,Carrie,Underwood
741,Cassie,Ventura
742,Charlie,Watts
743,Chris,Wallace
744,Christopher,Walken
745,Christopher,Wren
746,Cindy,Williams
747,Cornel,Wilde
748,Carl,Yastrzemski
749,Charles,Yeager
750,Chuck,Yeager
751,Cy,Young
752,Dan,
753,Dilbert,
754,Divine,
755,Dominique,
756,Donovan,
757,Dorothy,
758,Dracula,
759,Dan,Aykroyd
760,Danny,Aiello
761,Darrell,Abbott
762,Debbie,Allen
763,Desi,Arnaz
764,Devon,Aoki
765,Dianna,Agron
766,Dimebag,Darrell
767,Don,Adams
768,Don,Ameche
769,Douglas,Adams
770,Duane,Allman
771,Dan,Blocker
772,Dan,Brown
773,Daniel,Boone
774,Danny,Bonaduce
775,Danny,Boyle
776,Dante,Basco
777,Dave,Brubeck
778,David,Beckham
779,David,Blaine
780,David,Boreanaz
781,David,Bowie
782,David,Brenner
783,David,Brinkley
784,David,Byrne
785,Daws,Butler
786,Debby,Boone
787,Delta,Burke
788,Dennis,Banks
789,Dewey,Bunnell
790,Dick,Butkus
791,Dick,Button
792,Dirk,Benedict
793,Dirk,Bogarde
794,Don,Bendell
795,Doyle,Brunson
796,Drew,Barrymore
797,Drew,Barymore
798,Drew,Bledsoe
799,Drew,Brees
800,Dabney,Coleman
801,Dale,Carnegie
802,Dan,Castellaneta
803,Dana,Carvey
804,Darva,Conger
805,Dave,Chappelle
806,Dave,Clark
807,Dave,Coulier
808,David,Carradine
809,David,Caruso
810,David,Cassidy
811,David,Clayton-Thomas
812,David,Copperfield
813,David,Crosby
814,Davy,Crockett
815,Deepak,Chopra
816,Diahann,Carroll
817,Dick,Cavett
818,Dick,Cheney
819,Dick,Clark
820,Doug,Clifford
821,Drew,Carey
822,Dyan,Cannon
823,Daniel,Day-Lewis
824,Danny,DeVito
825,Daryl,Dragon
826,Dave,Davies
827,David,Duchovney
828,David,Duchovny
829,Dennis,Day
830,Diana,DeGarmo
831,Dimebag,Darrell
832,Dizzy,Dean
833,Dom,DeLuise
834,Dom,DiMaggio
835,Don,Drysdale
836,Doris,Day
837,Dr.,Dre
838,Dr.,Drew
839,Dale,Earnhardt
840,Dale,Earnhart
841,Dale,Evans
842,Danny,Elfman
843,Denholm,Elliott
844,Don,Everly
845,Duane,Eddy
846,Duke,Ellington
847,Dwight,Eisenhower
848,Daisy,Fuentes
849,Dakota,Fanning
850,David,Frost
851,Dawn,French
852,Dennis,Franz
853,Don,Francisco
854,Donna,Fargo
855,Douglas,Fairbanks
856,Douglas,Fraser
857,D.W.,Griffith
858,Dan,George
859,Dann,Gillen
860,Danny,Glover
861,David,Gavurin
862,David,Geffen
863,David,Gilmour
864,Deborah,Gibson
865,Dick,Gregory
866,Dizzy,Gillespie
867,Duff,Goldman
868,Dwight,Gooden
869,Dana,Hamm
870,Daryl,Hannah
871,Dashiell,Hammett
872,David,Hasselhoff
873,Deborah,Harry
874,Dennis,Hastert
875,Dennis,Hopper
876,Doc,Holliday
877,Dolores,Hope
878,Don,Henley
879,Don,Hewitt
880,Don,Ho
881,Dorothy,Hamill
882,Doug,Henning
883,Dustin,Hoffman
884,Dwayne,Hickman
885,Dwight,Howard
886,Don,Imus
887,Dan,Jansen
888,Daniel,Johns
889,David,Janssen
890,David,Jason
891,Davy,Jones
892,Dean,Jagger
893,Dean,Jones
894,Derek,Jeter
895,Dr.,J
896,Dwayne,Johnson
897,Danny,Kaye
898,Daren,Kagasoff
899,DeForest,Kelley
900,Deborah,Kerr
901,Diane,Keaton
902,Don,Knotts
903,Donna,Karan
904,Duke,Kahanamoku
905,Durward,Kirby
906,D.H.,Lawrence
907,Dalai,Lama
908,Dave,Letterman
909,David,Lean
910,David,Letterman
911,David,Lynch
912,Demi,Lovato
913,Denis,Leary
914,Diane,Ladd
915,Diane,Lane
916,Dorothea,Lange
917,Dorothy,Lamour
918,Dr.,Laura
919,Drew,Lachey
920,Dan,Marino
921,Dan,Millman
922,Darren,McGavin
923,Dave,Matthews
924,David,Mamet
925,David,McCallum
926,Dean,Martin
927,Demi,Moore
928,Dennis,Miller
929,Dick,Martin
930,Dickie,Moore
931,Dina,Merrill
932,Don,Mattingly
933,Don,McLean
934,Donna,Mills
935,Donny,Most
936,Dorothy,Malone
937,Douglas,MacArthur
938,Dr.,Phil
939,Dudley,Moore
940,David,Nelson
941,David,Niven
942,Dirk,Nowitzky
943,Don,Novello
944,Dr.,No
945,David,Ossman
946,Dick,ONeill
947,Donald,OConnor
948,Donny,Osmond
949,Dan,Peek
950,Dana,Plato
951,Danica,Patrick
952,David,Paterson
953,Dev,Patel
954,Dick,Powell
955,Dolly,Parton
956,Donald,Pleasence
957,Dorothy,Parker
958,Dorothy,Provine
959,Dr.,Drew
960,Dr.,Phil
961,Dan,Quayle
962,Dennis,Quaid
963,Dale,Robertson
964,Damon,Runyon
965,Dan,Rather
966,Dan,Rowan
967,Dave,Ramsey
968,David,Robinson
969,Debbie,Reynolds
970,Della,Reese
971,Denise,Richards
972,Diana,Rigg
973,Diana,Ross
974,Diego,Rivera
975,Django,Reinhardt
976,Don,Rickles
977,Donna,Reed
978,Doris,Roberts
979,Dr.,Ruth
980,Daniel,Schorr
981,Daniel,Stern
982,Danielle,Steel
983,Darryl,Strawberry
984,Daryl,Strawberry
985,David,Sarnoff
986,David,Schwimmer
987,David,Silveria
988,David,Soul
989,David,Spade
990,David,Susskind
991,Dean,Stockwell
992,Dee,Snider
993,Deion,Sanders
994,Del,Shannon
995,Diane,Sawyer
996,Dick,Smothers
997,Dinah,Shore
998,Dmitri,Shostakovich
999,Doc,Severinsen
1000,Don,Shula
1001,Donald,Sutherland
1002,Donna,Summer
1003,Dr.,Spock
1004,Dr.,Seuss
1005,Duke,Snider
1006,Dusty,Springfield
1007,Dylan,Sprouse
1008,Danny,Thomas
1009,Donald,Trump
1010,Dylan,Thomas
1011,Darth,Vader
1012,Dick,Vitale
1013,Damon,Wayans
1014,Daniel,Webster
1015,Dawn,Wells
1016,Debra,Winger
1017,Dennis,Weaver
1018,Dennis,Wilson
1019,Denzel,Washington
1020,Dianne,Wiest
1021,Dionne,Warwick
1022,Doc,Watson
1023,Donnie,Wahlberg
1024,Dr.,Ruth
1025,Dwayne,Wade
1026,Dwyane,Wade
1027,Deng,Xiaoping
1028,Dwight,Yoakam
1029,Daphne,Zuniga
1030,Eisenhower,
1031,Elmo,
1032,Eminem,
1033,Earl,Anthony
1034,Ed,Ames
1035,Ed,Asner
1036,Ed,Autry
1037,Eddie,Albert
1038,Eddy,Arnold
1039,Edie,Adams
1040,Edward,Albee
1041,Buzz,Aldrin
1042,Elvis,Andrus
1043,Erin,Andrews
1044,Eve,Arden
1045,Ed,Begley
1046,Ed,Bradley
1047,Eddie,Belfour
1048,Eddie,Bracken
1049,Edgar,Bergen
1050,Eileen,Brennan
1051,Ellen,Barkin
1052,Ellen,Burstyn
1053,Emily,Bronte
1054,Eric,Bana
1055,Eric,Burdon
1056,Erik,Bruhn
1057,Erma,Bombeck
1058,Ernest,Borgnine
1059,Ernie,Banks
1060,Ethel,Barrymore
1061,Earl,Campbell
1062,Eddie,Cantor
1063,Eldridge,Cleaver
1064,Elvis,Costello
1065,Enrico,Caruso
1066,Eric,Clapton
1067,e.e.,cummings
1068,Edgar,Degas
1069,Elizabeth,Dole
1070,Ellen,DeGeneres
1071,Ellen,Degenerous
1072,Emily,Dickinson
1073,Edward,Elgar
1074,Elizabeth,Edwards
1075,Emilio,Estevez
1076,Eric,Estrada
1077,Erik,Estrada
1078,Eddie,Fisher
1079,Edward,Furlong
1080,Eileen,Farrell
1081,Eileen,Ford
1082,Ella,Fitzgerald
1083,Emerson,Fittipaldi
1084,Enrico,Fermi
1085,Errol,Flynn
1086,Eddie,Guerrero
1087,Edmund,Gwenn
1088,Elliott,Gould
1089,Elliott,Page
1090,Erroll,Garner
1091,Estelle,Getty
1092,Eva,Gabor
1093,Evan,Grant
1094,Evonne,Goolagong
1095,Eydie,Gorme
1096,Ed,Harris
1097,Edd,Hall
1098,Edmund,Hillary
1099,Edwin,Hubble
1100,Elizabeth,Hurley
1101,Emmylou,Harris
1102,Erin,Hershey
1103,Ernest,Hemingway
1104,Ernie,Harwell
1105,Estelle,Halliwell
1106,Enrique,Iglesias
1107,Eugene,Ionesco
1108,Magic,Johnson
1109,Ellen,Johnson-Sirleaf
1110,Elton,John
1111,Erica,Jong
1112,Eartha,Kitt
1113,Edward,Kennedy
1114,Elia,Kazan
1115,Emmett,Kelly
1116,Ernie,Kovacs
1117,Ethel,Kennedy
1118,Evel,Knievel
1119,Elmore,Leonard
1120,Eric,Lindros
1121,Eugene,Levy
1122,Eva,Longoria
1123,E.G.,Marshall
1124,Ed,McMahon
1125,Eddie,Money
1126,Eddie,Murphy
1127,Eddie,Murray
1128,Edouard,Manet
1129,Elaine,May
1130,Elijah,Muhammad
1131,Elizabeth,Montgomery
1132,Elle,Macpherson
1133,Ethel,Merman
1134,Eugene,McCarthy
1135,Eva,Mendes
1136,Ewan,McGregor
1137,Ed,Norton
1138,Edward,Norton
1139,Edwin,Newman
1140,Ed,ONeill
1141,Ed,Oneill
1142,Emily,Osment
1143,Eugene,ONeill
1144,Eugene,Ormandy
1145,Edith,Piaf
1146,Eleanor,Parker
1147,Elvis,Presley
1148,Emily,Post
1149,Estelle,Parsons
1150,Eva,Peron
1151,Ezra,Pound
1152,Eddie,Rabbit
1153,Eleanor,Roosevelt
1154,Emily,Robison
1155,Eric,Roberts
1156,Esther,Rolle
1157,Earl,Scheib
1158,Ed,Sullivan
1159,Edward,Steichen
1160,Elisabeth,Shue
1161,Elke,Sommer
1162,Emmitt,Smith
1163,Eric,Sevareid
1164,Eric,Stoltz
1165,Eric,Szmanda
1166,Erich,Segal
1167,E,T
1168,Elizabeth,Taylor
1169,Emma,Thompson
1170,Eddie,Van-Halen
1171,Eddie,Vedder
1172,E.B.,White
1173,Edgar,Winter
1174,Edith,Wharton
1175,Edward,Wood
1176,Edward,Woodward
1177,Eli,Wallach
1178,Elijah,Wood
1179,Emma,Watson
1180,Esther,Williams
1181,Ethel,Waters
1182,Eudora,Welty
1183,Fabian,
1184,Fabio,
1185,Fergie,
1186,Flea,
1187,Fogelberg,
1188,Fiona,Apple
1189,Frank,Abagnale
1190,Frankie,Avalon
1191,Fred,Allen
1192,Fred,Astaire
1193,Frederick,Ashton
1194,Fanny,Brice
1195,Foster,Brooks
1196,Foxy,Brown
1197,Francis,Bacon
1198,Frank,Borman
1199,Freddie,Blassie
1200,Felipe,CalderÛn
1201,Fidel,Castro
1202,Francis,Coppala
1203,Francis,Coppola
1204,Frank,Caliendo
1205,Frank,Capra
1206,Fred,Couples
1207,Frederic,Chopin
1208,F.W.,deKlerk
1209,Fats,Domino
1210,Faye,Dunaway
1211,Fran,Drescher
1212,Fran,Dresher
1213,Fred,Durst
1214,Frederick,Douglass
1215,Fyodor,Dostoevsky
1216,Fedor,Emelianenko
1217,Farrah,Fawcett
1218,Federico,Fellini
1219,Flavor,Flav
1220,Francisco,Franco
1221,Farley,Granger
1222,Forrest,Gump
1223,Frank,Gifford
1224,Frank,Gorshin
1225,Fred,Gwynne
1226,Faith,Hill
1227,Felicity,Huffman
1228,Friedensreich,Hundertwasser
1229,Franz,Kafka
1230,Frida,Kahlo
1231,Frances,Langford
1232,Frank,Langella
1233,Frankie,Laine
1234,Franz,Liszt
1235,Frederick,Loewe
1236,Frankie,Manning
1237,Fred,MacMurray
1238,Freddie,Mercury
1239,Fayard,Nicholas
1240,Fred,Norris
1241,Frank,Oz
1242,Fess,Parker
1243,Floyd,Patterson
1244,Franklin,Pierce
1245,Freddie,Prinze
1246,Frank,Rizzo
1247,Frank,Robinson
1248,Franklin,Roosevelt
1249,Fred,Rogers
1250,Frank,Sinatra
1251,French,Stewart
1252,Fran,Tarkenton
1253,Fernando,Valenzuela
1254,Frankie,Valli
1255,Fats,Waller
1256,Fay,Wray
1257,Flip,Wilson
1258,Forest,Whitaker
1259,Florenz,Ziegfeld
1260,Franco,Zeffirelli
1261,Frank,Zappa
1262,Galileo,
1263,Gallagher,
1264,Gandhi,
1265,Geri,
1266,Grover,
1267,Gene,Autry
1268,Gillian,Anderson
1269,Giorgio,Armani
1270,Gracie,Allen
1271,Gregg,Allman
1272,Garth,Brooks
1273,Gary,Burghoff
1274,Gary,Busey
1275,Gene,Barry
1276,Genevieve,Bujold
1277,George,Balanchine
1278,George,Benson
1279,George,Blaha
1280,George,Brett
1281,George,Burns
1282,George,Bush
1283,George,Bush
1284,Georges,Bizet
1285,Gerry,Beckley
1286,Ginger,Baker
1287,Glenn,Beck
1288,Gordon,Brown
1289,Grace,Bumbry
1290,Gwendolyn,Brooks
1291,G.K.,Chesterton
1292,Gary,Coleman
1293,Gary,Cooper
1294,George,Carlin
1295,George,Clooney
1296,George,Crockett
1297,Geraldine,Chaplin
1298,Glen,Campbell
1299,Glenn,Close
1300,Grover,Cleveland
1301,Gary,DellAbate
1302,Geena,Davis
1303,George,Dolenz
1304,Gina,Davis
1305,Gloria,Estefan
1306,George,Foreman
1307,Gerald,Ford
1308,Geraldine,Ferraro
1309,Glenn,Ford
1310,Glenn,Frey
1311,Gracie,Fields
1312,Guy,Fieri
1313,Gale,Gordon
1314,Galileo,Galilei
1315,George,Gershwin
1316,George,Gobel
1317,Gilbert,Godfried
1318,Gilbert,Gottfried
1319,Glenn,Gould
1320,Gloria,Gaynor
1321,Greer,Garson
1322,Greta,Garbo
1323,Gabby,Hayes
1324,Gene,Hackman
1325,George,Hamilton
1326,George,Harrison
1327,Goldie,Hawn
1328,Gordie,Howe
1329,Grant,Hill
1330,Gregory,Harrison
1331,Gregory,Hines
1332,George,Jones
1333,Glenda,Jackson
1334,Glynis,Johns
1335,Gordon,Jump
1336,Gabe,Kaplan
1337,Garrison,Keillor
1338,Garry,Kasparov
1339,Gene,Kelly
1340,Gene,Krupa
1341,George,Kennedy
1342,Gladys,Knight
1343,Grace,Kelly
1344,Gary,Larson
1345,Gaston,Leroux
1346,Geddy,Lee
1347,George,Lopez
1348,George,Lucas
1349,Gina,Lollobrigida
1350,Gordon,Lightfoot
1351,Greg,LeMond
1352,Guy,Lombardo
1353,Garrett,Morgan
1354,Garrett,Morris
1355,Garry,Moore
1356,Gary,Moore
1357,Gavin,MacLeod
1358,George,Martin
1359,George,Michael
1360,George,McGovern
1361,George,Murphy
1362,Gisele,MacKenzie
1363,Glenn,Miller
1364,Golda,Meir
1365,Gordon,MacRae
1366,Grandma,Moses
1367,Greg,Morris
1368,Gregor,Mendel
1369,Groucho,Marx
1370,Guglielmo,Marconi
1371,Gummo,Marx
1372,Guy,Madison
1373,George,Noory
1374,Graham,Nash
1375,Greg,Norman
1376,Gary,Oldman
1377,Gary,Owens
1378,George,Orwell
1379,Georgia,OKeeffe
1380,Gary,Player
1381,George,Patton
1382,George,Peppard
1383,George,Plimpton
1384,Georges,Pompidou
1385,Giacomo,Puccini
1386,Gordon,Parks
1387,Grace,Potter
1388,Gregory,Peck
1389,Guy,Pearce
1390,Gwyneth,Paltrow
1391,Gena,Rowlands
1392,Gene,Rayburn
1393,Gene,Roddenberry
1394,George,Romero
1395,George,Reeves
1396,Gilda,Radner
1397,Ginger,Rogers
1398,Grigori,Rasputin
1399,Guy,Ritchie
1400,Gabriela,Sabatini
1401,Gale,Storm
1402,Garry,Shandling
1403,Gary,Sandy
1404,Gary,Sinise
1405,Gene,Simmons
1406,Gene,Siskel
1407,George,Segal
1408,George,Shearing
1409,George,Stephanopoulos
1410,George,Strait
1411,Georges,Seurat
1412,Gertrude,Stein
1413,Gloria,Steinem
1414,Gloria,Stuart
1415,Gloria,Swanson
1416,Grace,Slick
1417,Guitar,Shorty
1418,Gwen,Stefani
1419,George,Takei
1420,George,Thorogood
1421,Grant,Tinker
1422,Galina,Ulanova
1423,Gianni,Versace
1424,Giuseppe,Verdi
1425,Gloria,Vanderbilt
1426,Gore,Vidal
1427,Gwen,Verdon
1428,Gahan,Wilson
1429,Gene,Wilder
1430,George,Will
1431,George,Washington
1432,George,Wendt
1433,George,Westinghouse
1434,Gerard,Way
1435,Grant,Wood
1436,Glenn,Yarborough
1437,Houdini,
1438,Hutton,
1439,Hank,Aaron
1440,Hank,Azaria
1441,Hank,Aaron
1442,Herb,Alpert
1443,Horatio,Alger
1444,Halle,Berry
1445,Harry,Belafonte
1446,Hugh,Beaumont
1447,Humphrey,Bogart
1448,Hans,Christian-Anderson
1449,Hans,Conried
1450,Harry,Caray
1451,Harry,Carrey
1452,Harry,Chapin
1453,Hayden,Christensen
1454,Henri,Cartier-Bresson
1455,Herb,Caen
1456,Hillary,Clinton
1457,Hoagy,Carmichael
1458,Howard,Carter
1459,Howard,Cosell
1460,Hume,Cronyn
1461,Harley,Davidson
1462,Heavy,D
1463,Hilary,Duff
1464,Howie,Dorough
1465,Hugh,Downs
1466,Hallie,Eisenberg
1467,Herm,Edwards
1468,Harrison,Ford
1469,Harvey,Fierstein
1470,Harvey,Firestone
1471,Henry,Fonda
1472,Henry,Ford
1473,H.R.,Giger
1474,Heather,Graham
1475,Henry,Gibson
1476,Hetty,Green
1477,Hugh,Grant
1478,Hal,Holbrook
1479,Harry,Hamlin
1480,Harry,Houdini
1481,Hedda,Hopper
1482,Helen,Hayes
1483,Helen,Hunt
1484,Herbert,Hoover
1485,Herbie,Hancock
1486,Herman,Hollerith
1487,Hermann,Hesse
1488,Holly,Hunter
1489,Howard,Hesseman
1490,Howard,Hughes
1491,Hugh,Hefner
1492,Hulk,Hogan
1493,Huntz,Hall
1494,Harry,James
1495,Henry,James
1496,Hu,Jintao
1497,Hugh,Jackman
1498,Hank,Ketcham
1499,Harvey,Keitel
1500,Harvey,Korman
1501,Heidi,Klum
1502,Helen,Keller
1503,Henry,Kissinger
1504,Henry,Kissinger
1505,Howard,Keel
1506,H.P.,Lovecraft
1507,Hal,Linden
1508,Harold,Lloyd
1509,Harper,Lee
1510,Heath,Ledger
1511,Heather,Locklear
1512,Lead,Belly
1513,Harry,Morgan
1514,Harvey,Milk
1515,Hayley,Mills
1516,Heidi,Montag
1517,Helen,Mirren
1518,Hendrik,Meijer
1519,Henri,Mancini
1520,Henri,Matisse
1521,Henry,Mancini
1522,Henry,Miller
1523,Henry,Morgan
1524,Herbie,Mann
1525,Herman,Melville
1526,Hosni,Mubarak
1527,Howie,Mandel
1528,Harold,Nicholas
1529,Harriet,Nelson
1530,H.C.,Oersted
1531,Hakeem,Olajuwon
1532,Helen,OConnell
1533,Hugh,OBrian
1534,Ross,Perot
1535,Harold,Pinter
1536,Harve,Presnell
1537,Hayden,Panettiere
1538,Hal,Roach
1539,Harold,Ramis
1540,Harold,Robbins
1541,Harry,Reasoner
1542,Helen,Reddy
1543,Howard,Rollins
1544,Han,Solo
1545,Hannah,Spearritt
1546,Harry,Shearer
1547,Hilary,Swank
1548,Hillary,Swank
1549,Homer,Simpson
1550,Horace,Silver
1551,Howard,Stern
1552,Harry,Truman
1553,Harry,Truman
1554,H.G.,Wells
1555,Hank,Williams
1556,Harriet,Wheeler
1557,Henry,Winkler
1558,Herschel,Walker
1559,Henny,Youngman
1560,Ian,Anderson
1561,Isaac,Asimov
1562,Ingmar,Bergman
1563,Ingrid,Bergman
1564,Irving,Berlin
1565,Ice,Cube
1566,Imogene,Coca
1567,Irene,Cara
1568,Irene,Dunne
1569,Isadora,Duncan
1570,Ian,Fleming
1571,Indira,Gandhi
1572,Ira,Gershwin
1573,Ira,Glass
1574,Isaac,Hayes
1575,Ida,Lupino
1576,Ian,McDiarmid
1577,Ian,McKellen
1578,Isaac,Newton
1579,I.M.,Pei
1580,Iggy,Pop
1581,Irene,Papas
1582,Itzhak,Perlman
1583,Ivan,Pavlov
1584,Igor,Stravinsky
1585,Ione,Skye
1586,Isaac,Stern
1587,Isabel,Sanford
1588,Ice,T
1589,Ike,Turner
1590,Isiah,Thomas
1591,Ivana,Trump
1592,Ian,Ziering
1593,Jackson,
1594,Juanes,
1595,Jack,Anderson
1596,James,Agee
1597,James,Arness
1598,Jane,Austen
1599,Jean,Arthur
1600,Jennifer,Aniston
1601,Jessica,Alba
1602,John,Adams
1603,John,Amos
1604,John,Astin
1605,John,Adams
1606,Jon,Anderson
1607,Julie,Andrews
1608,June,Allyson
1609,J,Boog
1610,Jack,Benny
1611,Jack,Black
1612,Jack,Bruce
1613,Jackson,Browne
1614,Jacqueline,Bisset
1615,James,Baldwin
1616,James,Bond
1617,James,Brown
1618,James,Buchanan
1619,Javier,Bardem
1620,Jean-Paul,Belmondo
1621,Jeff,Bezos
1622,Jeff,Bridges
1623,Jennifer,Beals
1624,Jenson,Button
1625,Jessica,Biel
1626,Jill,Biden
1627,Jim,Backus
1628,Jim,Bakker
1629,Jim,Belushi
1630,Jim,Brown
1631,Jimmy,Breslin
1632,Jimmy,Buffett
1633,Joan,Baez
1634,Joe,Biden
1635,Joey,Bishop
1636,Sebastian,Bach
1637,John,Barry
1638,John,Barrymore
1639,John,Belushi
1640,John,Bonham
1641,John,Brown
1642,Johnny,Bench
1643,Jon,Bon-Jovi
1644,Jonathan,Brandis
1645,Joseph,Barbera
1646,Josephine,Baker
1647,Judy,Blume
1648,Juliette,Binoche
1649,Justin,Bieber
1650,J.C.,Chasez
1651,J.J.,Cale
1652,Jack,Casady
1653,Jackie,Chan
1654,Jackie,Collins
1655,Jackie,Coogan
1656,Jackie,Cooper
1657,Jacques,Cousteau
1658,James,Caan
1659,James,Cagney
1660,James,Cameron
1661,James,Caviezel
1662,James,Coburn
1663,Jane,Curtin
1664,Jean,ChrÈtien
1665,Jean,Cocteau
1666,Jeanne,Crain
1667,Jeff,Chandler
1668,Jennifer,Capriati
1669,Jennifer,Connelly
1670,Jeremy,Castle
1671,Jesus,Christ
1672,Jill,Clayburgh
1673,Jim,Carrey
1674,Jim,Corr
1675,Jim,Courier
1676,Jim,Croce
1677,Jimmy,Carter
1678,Jimmy,Conners
1679,Jimmy,Connors
1680,Joan,Chen
1681,Joan,Collins
1682,Joan,Crawford
1683,Joan,Cusack
1684,Joe,Cocker
1685,John,Cage
1686,John,Candy
1687,John,Carpenter
1688,John,Cena
1689,John,Chapman
1690,John,Cleese
1691,John,Coltrane
1692,John,Cusack
1693,Johnny,Carson
1694,Johnny,Cash
1695,Jon,Cryer
1696,Joseph,Campanella
1697,Joseph,Conrad
1698,Joseph,Cotten
1699,JosÈ,Canseco
1700,Juan,Carlos
1701,Judy,Collins
1702,Julia,Child
1703,Julian,Casablancas
1704,Jack,Dempsey
1705,Jakob,Dylan
1706,James,Daughton
1707,James,Dean
1708,James,Dickey
1709,James,Doohan
1710,Jeff,Daniels
1711,Jefferson,Davis
1712,Jim,Davis
1713,Jimmy,Dean
1714,Jimmy,Dorsey
1715,Jimmy,Durante
1716,Joe,Dante
1717,Joe,DiMaggio
1718,Joe,Dimaggio
1719,John,Davidson
1720,John,Deacon
1721,John,Densmore
1722,John,Denver
1723,John,Derek
1724,John,Dillinger
1725,Johnny,Depp
1726,Joyce,DeWitt
1727,Judy,Dench
1728,Jason,Earles
1729,Jenna,Elfman
1730,Jill,Eikenberry
1731,John,Elway
1732,John,Entwistle
1733,Dr.,J
1734,Julius,Erving
1735,James,Farentino
1736,James,Fox
1737,James,Franciscus
1738,James,Franco
1739,Jamie,Farr
1740,Jamie,Foxx
1741,Jane,Fonda
1742,Jane,Froman
1743,Jeff,Fahey
1744,Jeff,Foxworthy
1745,Jerry,Falwell
1746,Jimmy,Fallon
1747,Joan,Fontaine
1748,Jodie,Foster
1749,Joe,Frazier
1750,Joey,Fatone
1751,John,Ford
1752,John,Forsythe
1753,JosÈ,Feliciano
1754,JosÈ,Ferrer
1755,Jules,Feiffer
1756,June,Foray
1757,Jackie,Gleason
1758,Jake,Gyllenhaal
1759,James,Galway
1760,James,Gandolfini
1761,James,Garfield
1762,James,Garner
1763,Jane,Goodall
1764,Janeane,Garofalo
1765,Jasmine,Guy
1766,Jean-Luc,Godard
1767,Jean-Paul,Gaultier
1768,Jeff,Goldblum
1769,Jeff,Gordon
1770,Jennie,Garth
1771,Jennifer,Garner
1772,Jerry,Garcia
1773,Joe,Garagiola
1774,Joel,Grey
1775,Johannes,Gutenberg
1776,John,Gielgud
1777,John,Glenn
1778,John,Gosselin
1779,John,Grisham
1780,Johnny,Gruelle
1781,Jon,Gosselin
1782,Jose,Greco
1783,Josh,Golden
1784,Josh,Groban
1785,Judy,Garland
1786,James,Herriot
1787,James,Hetfield
1788,James,Hunt
1789,Jan,Hooks
1790,Jean,Harlow
1791,Jeff,Hardy
1792,Jesse,Helms
1793,Jill,Hennessy
1794,Jim,Henson
1795,Jimi,Hendrix
1796,Jimmy,Hoffa
1797,Joey,Heatherton
1798,John,Hancock
1799,John,Hughes
1800,John,Hurt
1801,John,Huston
1802,Jon,Hamm
1803,Jools,Holland
1804,Joseph,Haydn
1805,Josh,Hartnett
1806,Judd,Hirsch
1807,Janis,Ian
1808,Jeremy,Irons
1809,Jill,Ireland
1810,Judge,Ito
1811,Julio,Iglesias
1812,Jack,Jones
1813,Jackie,Joyner-Kersee
1814,James,Joyce
1815,Janet,Jackson
1816,Janis,Joplin
1817,Jasper,Johns
1818,Jennifer,Jones
1819,Jenny,Jones
1820,Jermaine,Jackson
1821,Jesse,Jackson
1822,Jesse,James
1823,Joan,Jett
1824,Judith,Jamison
1825,Jack,Kemp
1826,Jack,Kerouac
1827,Jack,Klugman
1828,Jane,Kaczmarek
1829,Jean-Claude,Killy
1830,Jerome,Kern
1831,Jerzy,Kosinski
1832,Joanna,Kerns
1833,Johannes,Kepler
1834,John,Kennedy
1835,John,Katz
1836,John,Keats
1837,John,Kerry
1838,John,Krasinski
1839,Joseph,Kennedy
1840,Joyce,Kilmer
1841,Julie,Kavner
1842,Jack,LaLanne
1843,Jack,Lemmon
1844,Jack,London
1845,Jack,Lord
1846,Jack,Lousma
1847,Jake,LaMotta
1848,James,Longstreet
1849,Janet,Leigh
1850,Jason,Lee
1851,Jay,Leno
1852,Jeff,Licon
1853,Jennifer,Lopez
1854,Jerry,Lewis
1855,Jessica,Lange
1856,Jet,Li
1857,Joan,Lunden
1858,Joe,Louis
1859,Joey,Lawrence
1860,John,Landis
1861,John,Larroquette
1862,John,Leguizamo
1863,John,Lennon
1864,John,Lewis
1865,John,Lithgow
1866,Jon,Lee
1867,Jon,Lovitz
1868,Jude,Law
1869,Julia,Louis-Dreyfus
1870,Julian,Lennon
1871,Julie,London
1872,Juliette,Lewis
1873,Juliette,Low
1874,June,Lockhart
1875,J.P.,McCarthy
1876,Jackie,Mason
1877,James,Madison
1878,James,Marsters
1879,James,Mason
1880,James,Michener
1881,James,Monroe
1882,James,Morrison
1883,Jan,Merlin
1884,Jayne,Mansfield
1885,Jayne,Meadows
1886,Jean,Marsh
1887,Jeanne,Moreau
1888,Jillian,Michaels
1889,Jim,McKay
1890,Jim,Messina
1891,Jim,Morrison
1892,Joan,MirÛ
1893,Joe,Montana
1894,Joel,McCrea
1895,John,Madden
1896,John,Major
1897,John,Malkovich
1898,John,Mayall
1899,John,Mayer
1900,John,McCain
1901,John,McEnroe
1902,John,Mills
1903,John,Milton
1904,John,Muir
1905,John,Singleton
1906,John,Spencer
1907,Johnny,Mathis
1908,Johnny,Mercer
1909,Johnny,Miller
1910,Joni,Mitchell
1911,JosÈ,Marti
1912,Julian,McMahon
1913,Julianne,Moore
1914,Juliet,Mills
1915,Jack,Nicholson
1916,Jack,Nicklaus
1917,Jack,Niclaus
1918,James,Naismith
1919,James,Noble
1920,Jason,Newsted
1921,Jason,Newsted
1922,Jawaharlal,Nehru
1923,Jay,North
1924,Jim,Nabors
1925,Joe,Namath
1926,Johnette,Napolitano
1927,Judd,Nelson
1928,Julie,Newmar
1929,Jacqueline,Onasis
1930,Jennifer,ONeill
1931,Jerry,Orbach
1932,Jesse,Owens
1933,Jo,OMeara
1934,Johnny,Otis
1935,Jack,Paar
1936,Jack,Palance
1937,Jackson,Pollock
1938,James,Patterson
1939,Jane,Pauley
1940,Jason,Priestley
1941,Jean,Piaget
1942,Jeff,Probst
1943,Jim,Palmer
1944,Jimmy,Page
1945,Joe,Paterno
1946,Joe,Perry
1947,Joe,Pesci
1948,Joe,Piscopo
1949,Johnny,Paycheck
1950,Joseph,Papp
1951,Joseph,Pulitzer
1952,Juan,Peron
1953,Juliet,Prowse
1954,J.K.,Rowling
1955,Big,Bopper
1956,Jackie,Robinson
1957,James,Randi
1958,Jane,Russell
1959,Jason,Robards
1960,Jean,Reno
1961,Jeanne,Robertson
1962,Jeri,Ryan
1963,Jerome,Robbins
1964,Jerry,Rice
1965,Joan,Rivers
1966,Joey,Ramone
1967,John,Ratzenberger
1968,John,Ritter
1969,Johnnie,Ray
1970,Joyce,Randolph
1971,Julia,Roberts
1972,J.D.,Salinger
1973,Jaclyn,Smith
1974,Jacqueline,Susann
1975,Jaden,Smith
1976,James,Spader
1977,Jane,Seymore
1978,Jane,Seymour
1979,Jay,Silverheels
1980,Jean,Seberg
1981,Jean,Sibelius
1982,Jean,Simmons
1983,Jean,Smart
1984,Jean,Stapleton
1985,Jean-Paul,Sartre
1986,Jeremy,Sumpter
1987,Jerry,Seinfeld
1988,Jerry,Springer
1989,Jerry,Stiller
1990,Jessica,Simpson
1991,Jessica,Steen
1992,Jimmy,Smits
1993,Jimmy,Stewart
1994,Jo,Stafford
1995,Joan,Sutherland
1996,John,Sandford
1997,John,Sebastian
1998,John,Singer-Sargent
1999,John,Stamos
2000,John,Steinbeck
2001,Jon,Stewart
2002,Jonas,Salk
2003,Jonathan,Swift
2004,Joseph,Stalin
2005,Joss,Stone
2006,Jozef,Sabovcik
2007,Judge,Judy
2008,Judy,Sheindlin
2009,Julia,Stiles
2010,Junior,Seau
2011,J.R.R.,Tolkien
2012,Jacques,Tati
2013,James,Taylor
2014,James,Thurber
2015,Jeff,Timmons
2016,Jennifer,Tilly
2017,Jessica,Tandy
2018,Jim,Thorpe
2019,John,Tesh
2020,John,Travolta
2021,John,Turturro
2022,John,Tyler
2023,Justin,Timberlake
2024,Jacob,Underwood
2025,Jay,Underwood
2026,John,Updike
2027,Johnny,Unitas
2028,James,Van-Der-Beek
2029,Jan,Vermeer
2030,Jesse,Ventura
2031,Jon,Voight
2032,Jules,Verne
2033,Jack,Warden
2034,Jack,Webb
2035,Jack,Weston
2036,Jack,White
2037,James,Whitmore
2038,James,Woods
2039,Jamie,Walters
2040,Jane,Wyatt
2041,Jane,Wyman
2042,Jesse,White
2043,Jimmie,Walker
2044,Jimmy,Wakely
2045,Jimmy,Webb
2046,Joanne,Woodward
2047,Joe,Williams
2048,John,Walsh
2049,John,Waters
2050,John,Wayne
2051,John,Williams
2052,John,Wooden
2053,Johnny,Winter
2054,Jonathan,Winters
2055,Joseph,Wambaugh
2056,Joseph,Wapner
2057,Judge,Wapner
2058,Jay,Z
2059,Jiang,Zemin
2060,Kajol,
2061,Kane,
2062,Kathie,
2063,Kenneth,
2064,Kareem,Abdul-Jabbar
2065,Karen,Allen
2066,Kim,Alexis
2067,Kirstie,Alley
2068,Kofi,Annan
2069,Konrad,Adenauer
2070,Kurt,Angle
2071,Karen,Black
2072,Kate,Bush
2073,Kathryn,Bigelow
2074,Kathy,Bates
2075,Kaye,Ballard
2076,Keefe,Brasselle
2077,Ken,Berry
2078,Kevin,Bacon
2079,Kim,Basinger
2080,Kobe,Bryant
2081,Karen,Carpenter
2082,Kate,Capshaw
2083,Kathleen,Casey
2084,Katie,Couric
2085,Keith,Carradine
2086,Kelly,Clarkson
2087,Ken,Curtis
2088,Kenny,Chesney
2089,Kevin,Cadogan
2090,Kevin,Costner
2091,Kim,Campbell
2092,Kim,Carnes
2093,Kim,Cattrall
2094,Kirk,Cameron
2095,Kit,Carson
2096,Kurt,Cobain
2097,Keir,Dullea
2098,Kirk,Douglas
2099,Kirsten,Dunst
2100,Kristin,Davis
2101,Kim,Elizabeth
2102,King,Edward
2103,Ken,Follett
2104,Kirk,Franklin
2105,Kahlil,Gibran
2106,Kate,Gosselin
2107,Kathryn,Grayson
2108,Kathy,Griffin
2109,Kelsey,Grammer
2110,Kenny,G
2111,Kate,Hudson
2112,Katharine,Hepburn
2113,Katie,Holmes
2114,Ken,Howard
2115,King,Henry
2116,Kyle,Howard
2117,Kathy,Ireland
2118,Kate,Jackson
2119,Kim,Jong-Il
2120,Keira,Knightley
2121,Ken,Kesey
2122,Kim,Kardashian
2123,Kourtney,Kardashian
2124,Kurt,Krakowian
2125,Keith,Lockhart
2126,Kelly,Lynch
2127,Kenny,Loggins
2128,Karl,Malden
2129,Karl,Marx
2130,Karl,Menninger
2131,Kate,Middleton
2132,Kate,Mulgrew
2133,Keith,Moon
2134,Kel,Mitchell
2135,Kelly,McGillis
2136,Kent,McCord
2137,Kristy,McNichol
2138,Kim,Novak
2139,Keke,Palmer
2140,Kelly,Preston
2141,Kenneth,Patchen
2142,Kherington,Payne
2143,Kirby,Puckett
2144,Katharine,Ross
2145,Keanu,Reeves
2146,Keith,Richards
2147,Ken,Russell
2148,Kenny,Rogers
2149,Keri,Russell
2150,Kevin,Richardson
2151,Kid,Rock
2152,Knute,Rockne
2153,Kurt,Russell
2154,Kate,Smith
2155,Katee,Sackhoff
2156,Kay,Starr
2157,Keely,Smith
2158,Kenneth,Starr
2159,Kerri,Strug
2160,Kevin,Spacey
2161,Kirsten,Storms
2162,Kyra,Sedgwick
2163,Kathleen,Turner
2164,Koko,Taylor
2165,Karl,Urban
2166,Kat,Von-D
2167,Kurt,Vonnegut
2168,Kanye,West
2169,Liberace,
2170,Lorie,
2171,Lou,
2172,Lance,Armstrong
2173,Laverne,Andrews
2174,Lew,Ayres
2175,Lily,Allen
2176,Loni,Anderson
2177,Louie,Anderson
2178,Louis,Armstrong
2179,L.L.,Bean
2180,Lady,Baden-Powell
2181,Lance,Bass
2182,Larry,Bird
2183,Larry,Byrd
2184,Laura,Bush
2185,Lauren,Bacall
2186,LeVar,Burton
2187,Lenny,Bruce
2188,Leo,Buscaglia
2189,Leonard,Bernstein
2190,Les,Brown
2191,Lil,Bow-Wow
2192,Linda,Blair
2193,Lindsey,Buckingham
2194,Lizzie,Borden
2195,Lloyd,Bridges
2196,Lord,Baden-Powell
2197,Louis,Braille
2198,Louis,Brandeis
2199,Lucille,Ball
2200,Luis,BuÒuel
2201,Luther,Burbank
2202,LL,Cool-J
2203,Lauren,Collins
2204,Lauren,Conrad
2205,Le,Corbusier
2206,Leonard,Cohen
2207,Leslie,Caron
2208,Lewis,Carrol
2209,Lewis,Carroll
2210,Lon,Chaney
2211,Lou,Costello
2212,Lynda,Carter
2213,Lynne,Cheney
2214,Landon,Donovan
2215,Larry,David
2216,Leonardo,Da-Vinci
2217,Leonardo,DiCaprio
2218,Leonardo,da-Vinci
2219,Les,Dawson
2220,Linda,Ellerbee
2221,Lisa,Edelstein
2222,Larry,Fine
2223,Larry,Flynt
2224,Laurence,Fishburne
2225,Lil,Fizz
2226,Lola,Falana
2227,Lou,Ferrigno
2228,Louis,Farrakhan
2229,Louise,Fletcher
2230,Lynn,Fontanne
2231,Lady,Gaga
2232,Lee,Gifford
2233,Leo,Gorcey
2234,Liam,Gallagher
2235,Lillian,Gish
2236,Linda,Gray
2237,Lorne,Greene
2238,Lou,Gehrig
2239,Louis,Gossett
2240,Lowell,George
2241,Langston,Hughes
2242,Larry,Hagman
2243,Lauren,Hutton
2244,Lena,Horne
2245,Linda,Hamilton
2246,Linda,Hunt
2247,Lionel,Hampton
2248,Lance,Ito
2249,Lee,Iacocca
2250,LaToya,Jackson
2251,Lebron,James
2252,Louis,Jourdan
2253,Lyndon,Johnson
2254,Larry,King
2255,Laszlo,Kovacs
2256,Lenny,Kravitz
2257,Lawrence,Leritz
2258,Lennox,Lewis
2259,Leona,Lewis
2260,Linda,Lavin
2261,Lindsay,Lohan
2262,Lisa,Ling
2263,Lois,Lowry
2264,Loretta,Lynn
2265,Lotte,Lenya
2266,Louis,LAmour
2267,Louis,Leakey
2268,Louise,Lasser
2269,Lucky,Luciano
2270,Lucy,Lawless
2271,Lucy,Liu
2272,Lyle,Lovett
2273,Lea,Michele
2274,Lee,Majors
2275,Lee,Marvin
2276,Leonard,Maltin
2277,Liliana,Mumy
2278,Linda,McCartney
2279,Liz,McClarnon
2280,Liza,Minnelli
2281,Lorin,Maazel
2282,Lorne,Michaels
2283,Louis,Malle
2284,Laraine,Newman
2285,Laura,Nyro
2286,Leonard,Nimoy
2287,Leonard,Nimoy
2288,Leslie,Nielsen
2289,Liam,Neeson
2290,Larisa,Oleynik
2291,Laurence,Olivier
2292,Lena,Olin
2293,Leontyne,Price
2294,Les,Paul
2295,Linus,Pauling
2296,Liz,Phair
2297,Louis,Pasteur
2298,Louis,Prima
2299,Luciano,Pavarotti
2300,LeAnn,Rimes
2301,Lee,Remick
2302,Leon,Russell
2303,Lil,Romeo
2304,Linda,Ronstadt
2305,Lionel,Richie
2306,Little,Richard
2307,Lou,Reed
2308,Louis,Rukeyser
2309,Luise,Rainer
2310,Lynn,Redgrave
2311,Lane,Smith
2312,Larry,Storch
2313,Laura,Schlessinger
2314,Layne,Staley
2315,Lea,Salonga
2316,Lee,Strasberg
2317,Leon,Schotter
2318,Leon,Spinks
2319,Leopold,Stokowski
2320,Lesley,Stahl
2321,Levi,Strauss
2322,Lizabeth,Scott
2323,Lord,Snowdon
2324,Loretta,Swit
2325,Lana,Turner
2326,Lauren,Tewes
2327,Lawrence,Taylor
2328,Lea,Thompson
2329,Lee,Trevino
2330,Leo,Tolstoy
2331,Leon,Trotsky
2332,Lily,Tomlin
2333,Linus,Torvalds
2334,Liv,Tyler
2335,Lowell,Thomas
2336,Lucas,Till
2337,Lyle,Talbot
2338,Leslie,Uggams
2339,Liv,Ullmann
2340,Ludwig,van-Beethoven
2341,Luther,Vandross
2342,Laura,Wilkinson
2343,Lawrence,Welk
2344,LeAnn,Womack
2345,Lech,Walesa
2346,Lindsay,Wagner
2347,Loudon,Wainwright
2348,Lucinda,Williams
2349,Lyle,Waggoner
2350,Loretta,Young
2351,Macaulay,
2352,Madonna,
2353,Meatloaf,
2354,Michael,
2355,Michelangelo,
2356,MoNique,
2357,Moby,
2358,Morrissey,
2359,Mozart,
2360,Madeleine,Albright
2361,Mahmoud,Ahmadinejad
2362,Marc,Anthony
2363,Marcus,Allen
2364,Marian,Anderson
2365,Marie,Antoinette
2366,Mario,Andretti
2367,Matthew,Arnold
2368,Maxene,Andrews
2369,Maya,Angelou
2370,Mel,Allen
2371,Mitch,Albom
2372,Mohammad,Ali
2373,Morey,Amsterdam
2374,Muhammad,Ali
2375,M‰dchen,Amick
2376,Maria,Bello
2377,Marion,Barry
2378,Marlon,Brando
2379,Martin,Balsam
2380,Martin,Brodeur
2381,Marty,Balin
2382,Mason,Betha
2383,Matthew,Broderick
2384,Mel,Blanc
2385,Mel,Brooks
2386,Melvin,Belli
2387,Menachem,Begin
2388,Meredith,Baxter
2389,Michael,Biehn
2390,Michael,Bloomberg
2391,Michael,Bolton
2392,Michael,Burger
2393,Michelangelo,Buonarroti
2394,Michelle,Branch
2395,Mikhail,Baryshnikov
2396,Milton,Berle
2397,Monica,Bellucci
2398,M.C.,Hammer
2399,Macdonald,Carey
2400,Madame,Curie
2401,Madeleine,Carroll
2402,Marc,Chagall
2403,Maria,Callas
2404,Mariah,Carey
2405,Mario,Cuomo
2406,Mark,Cuban
2407,Marva,Collins
2408,Mary,Cassatt
2409,Maurice,Chevalier
2410,Merce,Cunningham
2411,Michael,Caine
2412,Michael,Chang
2413,Michael,Connelly
2414,Michael,Crawford
2415,Michael,Crichton
2416,Mike,Connors
2417,Miley,Cyrus
2418,Montgomery,Clift
2419,Mac,Davis
2420,Marion,Davies
2421,Marlene,Dietrich
2422,Matt,Damon
2423,Matt,Dillon
2424,Michael,Damian
2425,Michael,Dell
2426,Michael,Douglas
2427,Michael,Dukakis
2428,Micky,Dolenz
2429,Mike,Dirnt
2430,Mike,Ditka
2431,Mike,Douglas
2432,Miles,Davis
2433,Minnie,Driver
2434,M.C.,Escher
2435,Mama,Cass
2436,Melissa,Etheridge
2437,Missy,Elliott
2438,Malcolm,Forbes
2439,Margot,Fonteyn
2440,Marty,Feldman
2441,Mary,Frann
2442,Matt,Frewer
2443,Mel,Ferrer
2444,Mia,Farrow
2445,Michael,Flatley
2446,Mick,Fleetwood
2447,Mike,Farrell
2448,Millard,Fillmore
2449,Milos,Forman
2450,Milton,Friedman
2451,Morgan,Freeman
2452,Mahatma,Gandhi
2453,Marla,Gibbs
2454,Martha,Graham
2455,Marvin,Gaye
2456,Matt,Groening
2457,Maxim,Gorky
2458,Megan,Gale
2459,Mel,Gibson
2460,Melanie,Griffith
2461,Melinda,Gates
2462,Merv,Griffin
2463,Michael,Gross
2464,Mickey,Gilley
2465,Mikhail,Gorbachev
2466,Mitzi,Gaynor
2467,Muammar,Gadhafi
2468,M.C.,Hammer
2469,MC,Hammer
2470,Margaret,Hamilton
2471,Margaux,Hemingway
2472,Mariel,Hemingway
2473,Mariette,Hartley
2474,Marilu,Henner
2475,Mariska,Hargitay
2476,Mark,Hamill
2477,Mark,Harmon
2478,Martina,Hingis
2479,Marvin,Hagler
2480,Marvin,Hamlisch
2481,Mary,Hopkin
2482,Mata,Hari
2483,Matthew,Henson
2484,Merle,Haggard
2485,Mia,Hamm
2486,Mickey,Hart
2487,Milton,Hershey
2488,Moe,Howard
2489,Monty,Hall
2490,Moss,Hart
2491,Magic,Johnson
2492,Mahalia,Jackson
2493,Melissa,Joan-Hart
2494,Michael,Jackson
2495,Michael,Johnson
2496,Michael,Jordan
2497,Mick,Jagger
2498,Milla,Jovovich
2499,Madeline,Kahn
2500,Margot,Kidder
2501,Michael,Keaton
2502,Mila,Kunis
2503,Madeline,LEngle
2504,Margaret,Leighton
2505,Mario,Lanza
2506,Mario,Lemieux
2507,Mark,Lester
2508,Martin,Landau
2509,Martin,Lawrence
2510,Martin,Luther
2511,Mary,Leakey
2512,Matt,Lauer
2513,Meadowlark,Lemon
2514,Meat,Loaf
2515,Meriwether,Lewis
2516,Michael,Landon
2517,Michael,Learned
2518,Michael,Lovesmith
2519,Michel,Legrand
2520,Michele,Lee
2521,Myrna,Loy
2522,Malcolm,McDowell
2523,Mandy,Moore
2524,Marcel,Marceau
2525,Margaret,Mead
2526,Margaret,Mitchell
2527,Maria,Montessori
2528,Maria,Muldaur
2529,Marilyn,McCoo
2530,Marilyn,Monroe
2531,Mark,Martin
2532,Mark,McGwire
2533,Marlee,Matlin
2534,Marsha,Mason
2535,Marshall,McLuhan
2536,Martin,Milner
2537,Martin,Mull
2538,Martina,McBride
2539,Mary,Martin
2540,Matthew,McConaughey
2541,Maureen,McCormick
2542,Melina,Mercouri
2543,Michael,McDonald
2544,Michael,Michele
2545,Michael,Moore
2546,Michael,Moorer
2547,Mickey,Mantle
2548,Mike,Mills
2549,Mike,Modano
2550,Miriam,Makeba
2551,Mitch,Miller
2552,Mitch,Mitchell
2553,Modest,Mussorgsky
2554,Michael,Nesmith
2555,Mike,Nichols
2556,Margaret,OBrien
2557,Marie,Osmond
2558,Mary-Kate,Olsen
2559,Maureen,OHara
2560,Merlin,Olsen
2561,Michelle,Obama
2562,Mandy,Patinkin
2563,Manny,Pacquiao
2564,Mario,Puzo
2565,Markie,Post
2566,Mary,Pickford
2567,Master,P
2568,Matthew,Perry
2569,Maury,Povich
2570,Max,Planck
2571,Maxfield,Parrish
2572,Michael,Phelps
2573,Michele,Pfeiffer
2574,Michelle,Pfeiffer
2575,Michelle,Phillips
2576,Mike,Piazza
2577,Minnie,Pearl
2578,Marilyn,Quayle
2579,Mark,Russell
2580,Martha,Raye
2581,Maurice,Ravel
2582,Meg,Ryan
2583,Michael,Richards
2584,Mickey,Rooney
2585,Mickey,Rourke
2586,Mr.,Rogers
2587,M. Night,Shyamalan
2588,Mack,Sennett
2589,Maggie,Smith
2590,Marc,Summers
2591,Maria,Sharapova
2592,Mark,Spitz
2593,Martha,Stewart
2594,Martie,Seidel
2595,Martin,Scorsese
2596,Martin,Sheen
2597,Martin,Short
2598,Maureen,Stapleton
2599,Maurice,Sendak
2600,Max,Steiner
2601,McLean,Stevenson
2602,Meryl,Streep
2603,Michael,Sheen
2604,Mickey,Spillane
2605,Mike,Schmidt
2606,Mike,Shinoda
2607,Morley,Safer
2608,Mort,Sahl
2609,Mao,Tse-tung
2610,Margaret,Thatcher
2611,Maria,Tallchief
2612,Marisa,Tomei
2613,Mark,Twain
2614,Marlo,Thomas
2615,Mary,Travers
2616,Meg,Tilly
2617,Mel,Tillis
2618,Mel,Torme
2619,Meshach,Taylor
2620,Michael,Tucker
2621,Mike,Tyson
2622,Mother,Teresa
2623,Mr.,T
2624,Muzaffer,Tema
2625,Meredith,Vieira
2626,Mae,West
2627,Malcolm-Jamal,Warner
2628,Marlon,Wayans
2629,Max,Weinberg
2630,Michael,Waltrip
2631,Michael,Warren
2632,Michelle,Wright
2633,Mike,Wallace
2634,Montel,Williams
2635,Muddy,Waters
2636,Malcolm,X
2637,Marvin,Yagoda
2638,Michael,York
2639,Michelle,Yeoh
2640,Madeline,Zima
2641,Mark,Zuckerberg
2642,Napolenon,
2643,Napoleon,
2644,Nostradamus,
2645,Neil,Armstrong
2646,Napolean,Bonepart
2647,Napoleon,Bonaparte
2648,Napoleon,Bonepart
2649,Natasha,Bedingfield
2650,Ned,Beatty
2651,Nicholas,Brendon
2652,Nicole,Bass
2653,Nicole,Bobek
2654,Niels,Bohr
2655,Notorious,BIG
2656,Nadia,Comaneci
2657,Natalie,Cole
2658,Nathaniel,Currier
2659,Nell,Carter
2660,Neve,Campbell
2661,Nick,Carter
2662,Nick,Cave
2663,Nicolas,Cage
2664,NoÎl,Coward
2665,Napolean,Dynomite
2666,Neil,Diamond
2667,Nelson,Eddy
2668,Nicole,Eggert
2669,Nora,Ephron
2670,Nanette,Fabray
2671,Nina,Foch
2672,Nancy,Grace
2673,Newt,Gingrich
2674,Noel,Gallagher
2675,Nomar,Garciapara
2676,Naseem,Hamed
2677,Nathaniel,Hawthorne
2678,Neil,Harris
2679,Nick,Hexum
2680,Norm,Hitzges
2681,Naomi,Judd
2682,Nick,Jonas
2683,Norah,Jones
2684,Norman,Jewison
2685,Nastassia,Kinski
2686,Nat,King-Cole
2687,Nicole,Kidman
2688,Nik,Kershaw
2689,Nikita,Khrushchev
2690,Nikos,Kazantzakis
2691,Nancy,Lopez
2692,Nick,Lachey
2693,Norman,Lear
2694,Nana,Mouskouri
2695,Nancy,McKeon
2696,Nelson,Mandela
2697,Niccolo,Machiavelli
2698,Nick,Mason
2699,Norm,MacDonald
2700,Norm,Macdonald
2701,Norman,Mailer
2702,Nate,Newton
2703,Nichelle,Nichols
2704,Nick,Nolte
2705,Natalie,Portman
2706,Neal,Peart
2707,Nelson,Piquet
2708,Nancy,Reagan
2709,Nelson,Riddle
2710,Nipsey,Russell
2711,Nolan,Ryan
2712,Norman,Rockwell
2713,Nancy,Sinatra
2714,Neil,Sedaka
2715,Neil,Simon
2716,Nicolas,Sarkozy
2717,Nigel,Short
2718,Nina,Simone
2719,Norman,Schwarzkopf
2720,Niki,Taylor
2721,Nikki,Taylor
2722,Nikola,Tesla
2723,Nick,Van-Excel
2724,N.C.,Wyeth
2725,Nancy,Walker
2726,Nancy,Wilson
2727,Natalie,Wood
2728,Nicol,Williamson
2729,Noah,Webster
2730,Neil,Young
2731,Odetta,
2732,Orphan,Annie
2733,Omar,Bradley
2734,Orlando,Bloom
2735,Orson,Bean
2736,Osama,Bin-Laden
2737,Osama,bin-Laden
2738,Oleg,Cassini
2739,Oliver,Cromwell
2740,Ornette,Coleman
2741,Olivia,DeHavilland
2742,Oscar,DeLaHoya
2743,Oscar,Delahoya
2744,Ossie,Davis
2745,Omar,Epps
2746,O.,Henry
2747,Oliver,Hardy
2748,Olivia,Hussey
2749,Oscar,Hammerstein
2750,Owen,Hart
2751,Obi-Wan,Kenobi
2752,Olga,Korbut
2753,Otto,Klemperer
2754,Oscar,Levant
2755,Ogden,Nash
2756,Oliver,North
2757,Ozzie,Nelson
2758,Ozzie,Ozbourne
2759,Ozzy,Osbourne
2760,Otto,Preminger
2761,Otis,Redding
2762,O.J.,Simpson
2763,OJ,Simpson
2764,Oliver,Stone
2765,Omar,Sharif
2766,Oscar,Schindler
2767,Obi,Wan-Kenobi
2768,Oprah,Winfrey
2769,Orson,Welles
2770,Orville,Wright
2771,Oscar,Wilde
2772,Oskar,Werner
2773,Pat,
2774,Pel?,
2775,Pele,
2776,PelÈ,
2777,Perlman,
2778,Phoenix,
2779,Pink,
2780,Plato,
2781,Prince,
2782,Pam,Ayres
2783,Pamela,Anderson
2784,Patricia,Arquette
2785,Patty,Andrews
2786,Paul,Anka
2787,Paula,Abdul
2788,Philip,Ahn
2789,Philip,Austin
2790,P.T.,Barnum
2791,Pat,Buchanan
2792,Pat,Buttram
2793,Pavel,Bure
2794,Pearl,Bailey
2795,Peter,Benchley
2796,Peter,Bergman
2797,Peter,Bogdanovich
2798,Peter,Boyle
2799,Pierce,Brosnan
2800,Polly,Bergen
2801,Pope,Benedict
2802,Pat,Carroll
2803,Patrick,Carney
2804,Patsy,Cline
2805,Paul,Cezanne
2806,Peggy,Cass
2807,Penelope,Cruz
2808,Perry,Como
2809,Peter,Criss
2810,Peter,Cushing
2811,Petula,Clark
2812,Phil,Collins
2813,Pierre,Cardin
2814,Princess,Caroline
2815,Pam,Dawber
2816,Patrick,Dempsey
2817,Patrick,Duffy
2818,Paul,Desmond
2819,Paula,Deen
2820,Phil,Donahue
2821,Phyllis,Diller
2822,Placido,Domingo
2823,Princess,Diana
2824,Patrick,Ewing
2825,Paul,Erlich
2826,Phil,Everly
2827,Prince,Edward
2828,Paul,Ford
2829,Peggy,Fleming
2830,Peter,Falk
2831,Peter,Fonda
2832,Peter,Frampton
2833,Paul,Gauguin
2834,Peter,Gallagher
2835,Peter,Graves
2836,Phyllis,George
2837,Paris,Hilton
2838,Pat,Harrington
2839,Patricia,Heaton
2840,Patrick,Henry
2841,Patty,Hearst
2842,Paul,Harvey
2843,Paul,Henreid
2844,Paul,Hogan
2845,Pee-Wee,Herman
2846,Phil,Ivey
2847,Peter,Jennings
2848,Patsy,Kensit
2849,Paul,Kantner
2850,Pauline,Kael
2851,Patti,LaBelle
2852,Paul,Lynde
2853,Peggy,Lee
2854,Peggy,Lipton
2855,Percival,Lowell
2856,Peter,Lorre
2857,Phil,Lesh
2858,Phill,Lewis
2859,Piper,Laurie
2860,Pamela,Mason
2861,Pat,Morita
2862,Patrick,McGoohan
2863,Paul,Mazursky
2864,Paul,McCartney
2865,Paul,McCrane
2866,Paul,Miles
2867,Penny,Marshall
2868,Peter,Marshall
2869,Peter,Max
2870,Peyton,Manning
2871,Phil,Mahre
2872,Piers,Morgan
2873,Piet,Mondriaan
2874,Pablo,Neruda
2875,Pat,Nixon
2876,Patricia,Neal
2877,Paul,Newman
2878,Peter,Nero
2879,Peter,Noone
2880,Phyllis,Newman
2881,Pat,OBrien
2882,Peter,OToole
2883,Pablo,Picasso
2884,Pablo,Piccaso
2885,Paloma,Picasso
2886,Pat,Paulsen
2887,Patti,Page
2888,Paul,Petersen
2889,Paula,Prentiss
2890,Pauley,Perrette
2891,Paulina,Porizkova
2892,Phil,Proctor
2893,Philippe,Petit
2894,Priscilla,Presley
2895,Pat,Riley
2896,Patrick,Roy
2897,Pee-wee,Herman
2898,Paul,Reiser
2899,Paul,Revere
2900,Paul,Robeson
2901,Paul,Rudd
2902,Pernell,Roberts
2903,Pete,Rose
2904,Pete,Rozelle
2905,Phil,Rizzuto
2906,Phylicia,Rashad
2907,Pat,Sajak
2908,Pat,Summeral
2909,Pat,Summerall
2910,Patrick,Stewart
2911,Patrick,Stump
2912,Patrick,Swayze
2913,Patti,Smith
2914,Paul,Scofield
2915,Paul,Shaffer
2916,Paul,Simon
2917,Paul,Stanley
2918,Pauly,Shore
2919,Percy,Shelley
2920,Pete,Sampras
2921,Pete,Seeger
2922,Peter,Scolari
2923,Peter,Sellers
2924,Phil,Silvers
2925,Phil,Spector
2926,Phoebe,Snow
2927,Phyllis,Schlafly
2928,Picabo,Street
2929,Pierre,Salinger
2930,Preston,Sturges
2931,Princess,Stephanie
2932,Pamela,Tiffin
2933,Paul,Taylor
2934,Paul,Tibbets
2935,Pete,Townshend
2936,Peter,Tork
2937,Piotr,Tchaikovsky
2938,Peter,Ustinov
2939,Paul,Verhoeven
2940,Paul,Williams
2941,Paul,Winchell
2942,Paul,Winfield
2943,Peta,Wilson
2944,Prince,William
2945,Peter,Yarrow
2946,Pia,Zadora
2947,Quintanilla,
2948,Queen,Elizabeth
2949,Queen,Juliana
2950,Quincy,Jones
2951,Queen,Latifah
2952,Quentin,Tarantino
2953,Rawls,
2954,Rhea,
2955,Richard,
2956,Rihanna,
2957,River,
2958,Rock,
2959,Rod,
2960,Ronaldinho,
2961,Roseanne,
2962,RuPaul,
2963,Ralph,Abernathy
2964,Rene,Auberjonois
2965,Roald,Amundsen
2966,Robert,Altman
2967,Roone,Arledge
2968,Rosanna,Arquette
2969,Fatty,Arbuckle
2970,Rowan,Atkinson
2971,Roy,Acuff
2972,Ralph,Bellamy
2973,Ralph,Bunche
2974,Ray,Bolger
2975,Ray,Bradbury
2976,Raymond,Burr
2977,Raz,B
2978,Red,Barber
2979,Red,Buttons
2980,Richard,Benjamin
2981,Richard,Burton
2982,Robby,Benson
2983,Robert,Benchley
2984,Robert,Blake
2985,Robert,Burns
2986,Roger,Bannister
2987,Rona,Barrett
2988,Russell,Baker
2989,Ruth,Buzzi
2990,Ray,Charles
2991,Raymond,Chandler
2992,Rich,Cronin
2993,Richard,Carpenter
2994,Richie,Rich
2995,Richard,Crenna
2996,Rita,Coolidge
2997,Rivers,Cuomo
2998,Robbie,Coltrane
2999,Robert,Carlyle
3000,Robert,Caro
3001,Robert,Chapin
3002,Robert,Conrad
3003,Robert,Cray
3004,Robert,Culp
3005,Robert,Cummings
3006,Rocky,Colavito
3007,Roger,Clemens
3008,Roger,Corman
3009,Ronald,Colman
3010,Rory,Calhoun
3011,Rosalynn,Carter
3012,Rosanne,Cash
3013,Rosemary,Clooney
3014,Roy,Clark
3015,Russell,Crowe
3016,Ray,Davies
3017,Rene,Descartes
3018,Richard,Dawson
3019,Richard,Dreyfuss
3020,Roald,Dahl
3021,Robert,Deniro
3022,Robert,Downey
3023,Robert,Duvall
3024,Roger,Daltrey
3025,Rosemary,DeCamp
3026,Ruby,Dee
3027,Ralph,Edwards
3028,Ralph,Ellison
3029,Richard,Engel
3030,Robert,Englund
3031,Robert,Evans
3032,Roger,Ebert
3033,Redd,Foxx
3034,Jerry,Falwell
3035,Rhonda,Fleming
3036,Ric,Flair
3037,Richard,Fleischer
3038,Robert,Frost
3039,Robert,Fulton
3040,Roberta,Flack
3041,Roger,Federer
3042,Rollie,Fingers
3043,Ron,Foos
3044,Ray,Goulding
3045,Ray,Guy
3046,Richard,Gephardt
3047,Richard,Gere
3048,Robert,Goulet
3049,Robert,Guillaume
3050,Robin,Gibb
3051,Robin,Givens
3052,Ron,Glass
3053,Rube,Goldberg
3054,Rudi,Gernreich
3055,Rudolph,Giuliani
3056,Rupert,Grint
3057,Ruth,Gordon
3058,Rex,Harrison
3059,Richard,Harris
3060,Rita,Hayworth
3061,Robert,Heinlein
3062,Rock,Hudson
3063,Rolf,Harris
3064,Ron,Howard
3065,Roy,Horn
3066,Rutger,Hauer
3067,Randy,Johnson
3068,Raul,Julia
3069,Reggie,Jackson
3070,Richard,Jaeckel
3071,Rick,James
3072,Robert,Downey
3073,Robert,Johnson
3074,R.,Kelly
3075,Ray,Kroc
3076,Robby,Krieger
3077,Robert,Kennedy
3078,Robert,Klein
3079,Rose,Kennedy
3080,Ruby,Keeler
3081,Rudyard,Kipling
3082,Ryan,Key
3083,R.D.,Laing
3084,Ralph,Lauren
3085,Ramsey,Lewis
3086,Ray,Liotta
3087,Richard,Leakey
3088,Richard,Lewis
3089,Ricki,Lake
3090,Rob,Lowe
3091,Robe,Lowe
3092,Robert,Ludlum
3093,Robin,Leach
3094,Roy,Lichtenstein
3095,Rush,Limbaugh
3096,Ralph,Macchio
3097,Randolph,Mantooth
3098,Ray,Manzarek
3099,Ray,Milland
3100,Reba,McEntire
3101,Rene,Magritte
3102,Rey,Mysterio
3103,Ricardo,Montalban
3104,Richard,Moll
3105,Rik,Mayall
3106,Rita,Moreno
3107,Rob,Morrow
3108,Robert,Merrill
3109,Robert,Mitchum
3110,Robert,Morley
3111,Robert,Morse
3112,Robert,Mugabe
3113,Rocky,Marciano
3114,Roddy,McDowall
3115,Roger,Maris
3116,Roger,Miller
3117,Roger,Moore
3118,Roger,Mudd
3119,Ron,Moody
3120,Ronnie,Milsap
3121,Rose,Marie
3122,Rue,McClanahan
3123,Rupert,Murdoch
3124,Russell,Means
3125,Ryan,Merriman
3126,Ralph,Nader
3127,Randy,Newman
3128,Richard,Nixon
3129,Rick,Nelson
3130,Rudolf,Nureyev
3131,Randy,Orton
3132,Ronn,Owens
3133,Rosie,ODonnell
3134,Roy,Orbison
3135,Ryan,ONeal
3136,Ray,Parker
3137,Ray,Price
3138,Regis,Philbin
3139,Richard,Petty
3140,Richard,Pryor
3141,Robert,Palmer
3142,Robert,Parrish
3143,Robert,Plant
3144,Robert,Powell
3145,Robert,Preston
3146,Roman,Polanski
3147,Ron,Horshack
3148,Rosa,Parks
3149,Rosie,Perez
3150,Ross,Perot
3151,Randy,Quaid
3152,Robin,Quivers
3153,Rachael,Ray
3154,Rachel,Ray
3155,Ralph,Richardson
3156,Ray,Romano
3157,Rene,Russo
3158,Rex,Reed
3159,Richard,Rodgers
3160,Rich,Little
3161,Richard,Roundtree
3162,Rick,Rockwell
3163,Rick,Rubin
3164,Rob,Reiner
3165,Robert,Redford
3166,Robert,Reed
3167,Robert,Ripley
3168,Ronald,Reagan
3169,Rosalind,Russell
3170,Roy,Rogers
3171,R.L.,Stine
3172,Rachel,Stevens
3173,Raven,SymonÈ
3174,Ravi,Shankar
3175,Red,Skelton
3176,Richard,Simmons
3177,Rick,Schroder
3178,Rick,Springfield
3179,Riley,Smith
3180,Ringo,Starr
3181,Robert,Shaw
3182,Robert,Smith
3183,Robert,Stack
3184,Rod,Serling
3185,Rod,Steiger
3186,Rod,Stewart
3187,Roger,Staubach
3188,Roy,Scheider
3189,Ryan,Seacrest
3190,Randy,Travis
3191,Redi,Tlhabi
3192,Richard,Thomas
3193,Rip,Torn
3194,Robby,Takac
3195,Robert,Toth
3196,Robin,Trower
3197,Rod,Taylor
3198,Roger,Taylor
3199,Russ,Tamblyn
3200,Robert,Urich
3201,Ritchie,Valens
3202,Robert,Vaughn
3203,Rudolph,Valentino
3204,Rudy,Vallee
3205,Rachel,Weisz
3206,Rainn,Wilson
3207,Raoul,Wallenberg
3208,Raquel,Welch
3209,Ray,Walston
3210,Reese,Witherspoon
3211,Richard,Wagner
3212,Richard,Widmark
3213,Richard,Wright
3214,Rick,Warren
3215,Rick,Wright
3216,Robert,Wadlow
3217,Robert,Wagner
3218,Robin,Williams
3219,Roger,Waters
3220,Ron,Wood
3221,Rumer,Willis
3222,Russell,Wong
3223,Ruth,Westheimer
3224,Robert,Young
3225,Robin,Yount
3226,Renee,Zellweger
3227,RenÈe,Zellweger
3228,Rob,Zombie
3229,Robert,Zemeckis
3230,Sade,
3231,Santa,
3232,Santana,
3233,Seal,
3234,Selena,
3235,Shaggy,
3236,Shakira,
3237,Sinbad,
3238,Sisqo,
3239,Slash,
3240,Spiderman,
3241,Superman,
3242,Swain,
3243,Sam,Adams
3244,Sholem,Aleichem
3245,Sparky,Anderson
3246,Spiro,Agnew
3247,Sri,Aurobindo
3248,Steve,Allen
3249,Steve,Austin
3250,Susan,Anton
3251,Sabrina,Bryan
3252,Samuel,Barber
3253,Samuel,Beckett
3254,Sandra,Bernhard
3255,Sandra,Bullock
3256,Sarah,Bernhardt
3257,Saul,Bellow
3258,Scott,Bairstow
3259,Scott,Bakula
3260,Shelley,Berman
3261,Shirley,Bassey
3262,Shirley,Booth
3263,Shirley,Temple
3264,Simon,Bolivar
3265,Francis,Bacon
3266,Sonny,Bono
3267,Sophia,Bush
3268,Soulja,Boy
3269,Spring,Byington
3270,Steve,Burns
3271,Steven,Bochco
3272,Susan,Boyle
3273,Suzy,Bogguss
3274,Syd,Barrett
3275,Sam,Cooke
3276,Samuel,Colt
3277,Santa,Claus
3278,Sarah,Chalke
3279,Scatman,Crothers
3280,Sean,Connery
3281,Shaun,Cassidy
3282,Shemekia,Copeland
3283,Sheryl,Crow
3284,Sid,Caesar
3285,Sidney,Crosby
3286,Simon,Cowell
3287,Solanus,Casey
3288,Stephen,Crane
3289,Steve,Carell
3290,Steve,Carlton
3291,Stockard,Channing
3292,Stone,Cold
3293,Stu,Cook
3294,Salvador,Dali
3295,Sam,Donaldson
3296,Sammy,Davis
3297,Sandra,Day-OConnor
3298,Sandra,Dee
3299,Sandy,Dennis
3300,Sandy,Duncan
3301,Shannen,Doherty
3302,Shelley,Duvall
3303,Snoop,Dogg
3304,Susan,Dey
3305,Sam,Elliot
3306,Sam,Elliott
3307,Samantha,Eggar
3308,Sheena,Easton
3309,Sheila,E.
3310,Sally,Field
3311,Shelley,Fabares
3312,Sherilyn,Fenn
3313,Siegfried,Fischbacher
3314,Sigmund,Freud
3315,Stacy,Ferguson
3316,Stan,Freberg
3317,Scott,Glenn
3318,Seth,Green
3319,Sharon,Gless
3320,Shecky,Greene
3321,Spalding,Gray
3322,Steve,Garvey
3323,Steve,Guttenberg
3324,Steve,Guttenburg
3325,Stewart,Granger
3326,Summer,Glau
3327,Saddam,Hussein
3328,Salma,Hayek
3329,Sam,Harris
3330,Sammy,Hagar
3331,Lightnin,Hopkins
3332,Scott,Hamilton
3333,Sean,Hannity
3334,Shemp,Howard
3335,Sherlock,Holmes
3336,Sherman,Hemsley
3337,Edmund,Hillary
3338,Skitch,Henderson
3339,Sonja,Henie
3340,Stephen,Harper
3341,Stephen,Hawking
3342,Stephen,Hendry
3343,Sterling,Holloway
3344,Steve,Hackett
3345,Susan,Hayward
3346,Susanna,Hoffs
3347,Crocodile,Hunter
3348,Steve,Irwin
3349,Samuel,Jackson
3350,Scarlett,Johansson
3351,Scott,Joplin
3352,Shawn,Johnson
3353,Shirley,Jackson
3354,Shirley,Jones
3355,Spike,Jones
3356,Stephan,Jenkins
3357,Steve,Jobs
3358,Steven,Jobs
3359,Stonewall,Jackson
3360,Sally,Kellerman
3361,Sam,Kinison
3362,Sandy,Koufax
3363,Stacy,Keach
3364,Stan,Kenton
3365,Stanley,Kramer
3366,Stanley,Kubrick
3367,Stanley,Kunitz
3368,Stephen,King
3369,Suge,Knight
3370,Swoosie,Kurtz
3371,Sam,Levenson
3372,Shari,Lewis
3373,Sheldon,Leonard
3374,Shelley,Long
3375,Shia,LaBeouf
3376,Sidney,Lumet
3377,Sinclair,Lewis
3378,Sophia,Loren
3379,Spike,Lee
3380,Stan,Laurel
3381,Steve,Lawrence
3382,Sugar,Ray
3383,Susan,Lucci
3384,Sal,Mineo
3385,Samuel,Morse
3386,Sarah,McLachlan
3387,Sarah,Miles
3388,Joseph,McCarthy
3389,Sergio,Mendes
3390,Shane,MacGowan
3391,Shawn,Michaels
3392,Sheila,MacRae
3393,Shigeru,Miyamoto
3394,Shirley,MacLaine
3395,Sofia,Milos
3396,Spider,Man
3397,Stan,Mikita
3398,Stan,Musial
3399,Steve,Mahre
3400,Steve,Marriott
3401,Steve,Martin
3402,Steve,McQueen
3403,Stuart,Mathis
3404,Sun,Moon
3405,Super,Man
3406,Isaac,Newton
3407,Sister,Nivedita
3408,Steve,Nash
3409,Stevie,Nicks
3410,Sandra,Oh
3411,Seiji,Ozawa
3412,Shaquille,Oneil
3413,Sharon,Osbourne
3414,Shuggie,Otis
3415,Laurence,Olivier
3416,Suleman,octuplets
3417,S.J.,Perelman
3418,Sam,Peckinpah
3419,Sarah,Palin
3420,Scottie,Pippen
3421,Sean,Penn
3422,Sergei,Prokofiev
3423,Sidney,Poitier
3424,Slick,Rick
3425,Slim,Pickens
3426,Spencer,Pratt
3427,Stefanie,Powers
3428,Steve,Perry
3429,Susan,Perabo
3430,Suzanne,Pleshette
3431,Sally,Rand
3432,Salman,Rushdie
3433,Sam,Rodia
3434,Sergei,Rachmaninoff
3435,Seth,Rogen
3436,Smokey,Robinson
3437,Sam,Shepard
3438,Sammy,Sosa
3439,Schim,Schimmel
3440,Sharon,Stone
3441,Shawn,Stockman
3442,Sheryl,Swoopes
3443,Sidney,Sheldon
3444,Simone,Signoret
3445,Sissy,Spacek
3446,Sly,Stone
3447,Sonia,Sotomayor
3448,Soupy,Sales
3449,Stella,Stevens
3450,Stephen,Sondheim
3451,Stephen,Stills
3452,Steven,Seagal
3453,Steven,Segal
3454,Steven,Spielberg
3455,Steven,Spielburg
3456,Sully,Sullenberger
3457,Susan,Sarandon
3458,Susan,Sontag
3459,Susan,Strasberg
3460,Suzanne,Somers
3461,Shania,Twain
3462,Shirley,Temple
3463,Sophie,Tucker
3464,Spencer,Tracy
3465,Steven,Tyler
3466,Strom,Thurmond
3467,Susan,Tedeschi
3468,Stu,Unger
3469,Sarah,Vaughan
3470,Sid,Vicious
3471,Swami,Vivekananda
3472,Sam,Walton
3473,Sam,Waterston
3474,Sam,Worthington
3475,Serena,Williams
3476,Shane,West
3477,Shaun,White
3478,Shawn,Wayans
3479,Shelley,Winters
3480,Sigourney,Weaver
3481,Simon,Wiesenthal
3482,Steve,Winwood
3483,Steve,Wozniak
3484,Steven,Wright
3485,Stevie,Wonder
3486,Steve,Young
3487,Steve,Yzerman
3488,Susannah,York
3489,Timbaland,
3490,Timothy,
3491,Taro,Aso
3492,Taylor,Abrahamse
3493,Tim,Allen
3494,Tom,Arnold
3495,Tori,Amos
3496,Tracy,Austin
3497,Troy,Aikman
3498,Tammy,Faye
3499,Tempestt,Bledsoe
3500,Teresa,Brewer
3501,Terry,Bradshaw
3502,Theodore,Bikel
3503,Tim,Burton
3504,Timothy,Bottoms
3505,Tina,Barrett
3506,Todd,Bridges
3507,Tom,Bergeron
3508,Tom,Bosley
3509,Tom,Brady
3510,Tom,Brokaw
3511,Tony,Bennett
3512,Tony,Blair
3513,Tyra,Banks
3514,Tyson,Beckford
3515,Ted,Cassidy
3516,Tia,Carrere
3517,Tim,Conway
3518,Tim,Curry
3519,Tom,Clancy
3520,Tom,Courtenay
3521,Tom,Cruise
3522,Tommy,Chong
3523,Tony,Curtis
3524,Truman,Capote
3525,Ty,Cobb
3526,Ted,Danson
3527,Timothy,Dalton
3528,Tom,Dreesen
3529,Tommy,Dorsey
3530,Tony,Danza
3531,Tony,Dow
3532,Troy,Donahue
3533,Tyne,Daly
3534,T.S.,Eliot
3535,Thomas,Edison
3536,Tom,Ewell
3537,Tom,Fogerty
3538,Tammy,Grimes
3539,Teri,Garr
3540,Thomas,Gainsborough
3541,Tipper,Gore
3542,Tony,Gwynn
3543,Tracey,Gold
3544,Tab,Hunter
3545,Taylor,Hicks
3546,Teri,Hatcher
3547,Tippi,Hedren
3548,Tom,Hanks
3549,Tom,Hulce
3550,Tony,Hawk
3551,Tony,Iommi
3552,Thomas,Jefferson
3553,Stonewall,Jackson
3554,Tom,Jones
3555,Ted,Knight
3556,Ted,Koppel
3557,Thomas,Kinkade
3558,Toby,Keith
3559,Timothy,Leary
3560,Tina,Louise
3561,Tom,Lester
3562,Tom,Leykis
3563,Tommy,Lasorda
3564,Tommy,Lee
3565,Trini,Lopez
3566,Ted,Mack
3567,Teena,Marie
3568,Thelonious,Monk
3569,Thomas,Mann
3570,Thomas,Merton
3571,Thurgood,Marshall
3572,Tim,Matheson
3573,Tim,McGraw
3574,Tino,Martinez
3575,Tom,Mix
3576,Toni,Morrison
3577,Toshiro,Mifune
3578,Tracy,Morgan
3579,Tug,McGraw
3580,Tony,Orlando
3581,Teddy,Pendergrass
3582,Tom,Petty
3583,Tom,Poston
3584,Tyler,Perry
3585,Tyrone,Power
3586,Tanya,Roberts
3587,Tara,Reid
3588,Tex,Ritter
3589,The,Rock
3590,Theodore,Roosevelt
3591,Tim,Reid
3592,Tim,Rice
3593,Tim,Robbins
3594,Tim,Russert
3595,Todd,Rundgren
3596,Tony,Randall
3597,Tony,Richardson
3598,Tony,Robbins
3599,Tony,Roberts
3600,Topher,Grace
3601,Tony,Romo
3602,Talia,Shire
3603,Tavis,Smiley
3604,Taylor,Swift
3605,Telly,Savalas
3606,Terrence,Stamp
3607,Terry,Southern
3608,Thomas,Sowell
3609,Tilda,Swinton
3610,Tom,Scholz
3611,Tom,Seaver
3612,Tom,Selleck
3613,Tom,Smothers
3614,Tom,Snyder
3615,Tom,Stoppard
3616,Tommy,Shaw
3617,Tony,Shalhoub
3618,Tony,Soprano
3619,T¸rkan,Soray
3620,Tanya,Tucker
3621,Ted,Turner
3622,Teresa,Teng
3623,Tina,Turner
3624,Tiny,Tim
3625,Tom,Thumb
3626,Tommy,Tune
3627,Toni,Tennille
3628,Travis,Tritt
3629,Twyla,Tharp
3630,Tracey,Ullman
3631,Tammy,Wynette
3632,Ted,Williams
3633,Tiger,Woods
3634,T-Boz,Watkins
3635,Tom,Waits
3636,Tom,Watson
3637,Tom,Welling
3638,Tuesday,Weld
3639,Tina,Yothers
3640,Trisha,Yearwood
3641,Tay,Zonday
3642,Undertaker,
3643,Usher,
3644,Ursula,Andress
3645,Usain,Bolt
3646,Ub,Iwerks
3647,Upton,Sinclair
3648,Uma,Thurman
3649,Vera-Ellen,
3650,Vanessa,Amorosi
3651,Valerie,Bertinelli
3652,Victor,Borge
3653,Victoria,Beckham
3654,Van,Cliburn
3655,Vanessa,Carlton
3656,Vikki,Carr
3657,Vic,Damone
3658,Vera,Ellen
3659,Victor,Fleming
3660,Vincente,Fox
3661,Vince,Gill
3662,Vincent,Gallo
3663,Gus,Grissom
3664,Vittorio,Gassman
3665,Valerie,Harper
3666,Veronica,Hamel
3667,Victor,Hugo
3668,Vladimir,Horowitz
3669,Van,Johnson
3670,Victoria,Jackson
3671,Val,Kilmer
3672,Veronica,Lake
3673,Vicki,Lawrence
3674,Vince,Lombardi
3675,Vivien,Leigh
3676,Van,Morrison
3677,Vanessa,Minnillo
3678,Vaughn,Monroe
3679,Vera,Miles
3680,Vic,Morrow
3681,Victor,Mature
3682,Viggo,Mortensen
3683,Vince,McMahon
3684,Vince,Neil
3685,Vladimir,Nabokov
3686,Valerie,Perrine
3687,Vincent,Price
3688,Vladimir,Putin
3689,Vanessa,Redgrave
3690,Ving,Rhames
3691,Vidal,Sassoon
3692,Vijay,Singh
3693,Vin,Scully
3694,Verne,Troyer
3695,Vic,Tayback
3696,Vince,Vaughn
3697,Vincent,Van-Gogh
3698,Vivian,Vance
3699,Vanessa,Williams
3700,Vanna,White
3701,Venus,Williams
3702,Virginia,Woolf
3703,Vince,Young
3704,Will,Iam
3705,Woody,Allen
3706,Wally,Bronner
3707,Walter,Brennan
3708,Ward,Bond
3709,Warren,Beatty
3710,Warren,Buffett
3711,Wild,Bill
3712,Wilford,Brimley
3713,William,Beaumont
3714,William,Bendix
3715,William,Burroughs
3716,Wally,Cox
3717,Walter,Cronkite
3718,Will,Clark
3719,Buffalo,Bill
3720,William,Casey
3721,William,Clark
3722,William,Conrad
3723,Wilt,Chamberlain
3724,Winston,Churchill
3725,W.E.B.,DuBois
3726,Wade,Dominguez
3727,Walt,Disney
3728,William,Daniels
3729,Willy,DeVille
3730,Wyatt,Earp
3731,W.C.,Fields
3732,Will,Ferrell
3733,William,Faulkner
3734,William,Frawley
3735,William,Friedkin
3736,Wayne,Gretzky
3737,Whoopi,Goldberg
3738,William,Gilbert
3739,William,Goldman
3740,Woody,Guthrie
3741,Warren,Harding
3742,Whitney,Houston
3743,Wild,Bill
3744,William,Hanna
3745,William,Harvey
3746,William,Holden
3747,William,Hurt
3748,Woody,Harrelson
3749,Washington,Irving
3750,Will,I-Am
3751,Waylon,Jennings
3752,William,James
3753,Wolfman,Jack
3754,Wassily,Kandinsky
3755,Walter,Matthau
3756,Walter,Mondale
3757,Warren,Moon
3758,Wendy,Moniz
3759,Willey,Mays
3760,William,Macy
3761,William,McKinley
3762,Willie,Mays
3763,Wink,Martindale
3764,Wayne,Newton
3765,Willie,Nelson
3766,Warren,Oates
3767,William,Penn
3768,Wilson,Pickett
3769,Wolfgang,Puck
3770,Wayne,Rogers
3771,Will,Rogers
3772,Winona,Ryder
3773,Wallace,Shawn
3774,Wallis,Simpson
3775,Wes,Studi
3776,Wesley,Snipes
3777,Will,Smith
3778,Willard,Scott
3779,William,Safire
3780,William,Saroyan
3781,William,Schallert
3782,William,Seward
3783,William,Shakespear
3784,William,Shakespeare
3785,William,Shatner
3786,Willie,Shoemaker
3787,Willie,Stargell
3788,William,Taft
3789,Wernher,Von-Braun
3790,Walt,Whitman
3791,Walter,Winchell
3792,Wilbur,Wright
3793,William,Wellman
3794,Woodrow,Wilson
3795,Weird,Al
3796,Warren,Zevon
3797,Xuxa,
3798,Xavier,Cugat
3799,X.J.,Kennedy
3800,Xena,
3801,Yanni,
3802,Yasser,Arafat
3803,Yasmine,Bleeth
3804,Young,M.C.
3805,Yogi,Berra
3806,Yul,Brynner
3807,Yvonne,DeCarlo
3808,Yuri,Gagarin
3809,Yehudi,Menuhin
3810,Yves,Montand
3811,Yvette,Mimieux
3812,Yoko,Ono
3813,Yakov,Smirnoff
3814,Yma,Sumac
3815,Y.A.,Tittle
3816,Zorro,
3817,Zach,Braff
3818,Zelda,Fitzgerald
3819,Zane,Grey
3820,Z.Z.,Hill
3821,Zeppo,Marx
3822,Zero,Mostel
3823,Zubin,Mehta
3824,ZaSu,Pitts
3825,Zachary,Taylor